station_name,latitude,longitude
129公里站,39.20559444,117.1717667
28K乘降所,39.971201,116.053662
一平浪站,25.1691569,101.9062205
一间堡站,43.999602,125.351867
一零一站,39.96274,116.245984
一面坡北站,45.08383333,128.0804667
一面山站,40.348972,124.096944
丁山站,31.23562873,119.8312384
丁里站,34.10994444,116.9208333
七公里站,36.474191,114.357827
七台河站,45.809387,130.894736
七台河西站,45.74234333,130.7737253
七号站,41.092325,100.2869194
七宝站,31.160709,121.323628
七家子站,45.047335,124.930472
七斗冲站,27.77861111,113.1630556
七甸站,24.93390042,102.9787307
七苏木站,41.07895,113.192201
七道桥站,39.52388889,118.0711111
七里营站,35.21164167,113.7833056
七龙星站,29.2325,106.4319444
万乐站,45.883147,126.457168
万宁站,18.809271,110.377002
万安县站,26.52769,114.839511
万家屯站,40.04132,119.863761
万山站,44.999471,128.267694
万州北站,30.86558167,108.3622239
万州站,30.75694444,108.395
万年站,28.68833333,117.0747222
万庄站,39.57343985,116.5948434
万德站,36.33814,116.92298
万水泉南站,40.5784,109.8904
万水泉站,40.590946,109.934656
万源站,32.08553559,108.0421546
万盛东站,28.945833,106.932629
万能站,26.401466,117.833572
万顷沙站,22.696117,113.521637
丈八七路站,34.195442,108.836371
丈八五路站,34.19999,108.858072
丈八四路,34.194799,108.864727
三井子站,45.103299,125.340006
三亚站,18.298611,109.488611
三元区站,26.243586,117.602273
三元坝站,28.494049,106.833397
三八树站,40.624589,110.831074
三关口站,35.6648,106.39188
三十家站,41.012618,119.047958
三原站,34.60648729,108.943018
三台站,41.948838,123.154206
三合庄站,39.634261,115.707662
三唐站,37.261804,116.386106
三坪站,43.91523092,87.31406604
三堂集站,33.33888889,115.8155556
三堆子站,26.5959958,101.8253569
三堡站,40.32638889,116.0355556
三塔站,33.24861111,115.8266667
三塔镇站,32.76805556,115.7036111
三墩站,30.33685453,120.0646419
三家店站,39.95,116.1136111
三家村站,24.92889,102.90139
三山站,32.103609,119.529135
三岔口站,41.025757,112.931761
三岔湖站,30.36727722,104.3303731
三平站,39.96258333,117.0034722
三把火站,42.294573,118.672342
三明东站,26.287853,117.636517
三明北站,26.3755,117.807
三明站,26.2325,117.5855556
三星堆站,30.943475,104.2077032
三星站,30.352824,105.742272
三林南站,31.12818,121.48336
三根河站,48.91618321,121.2263218
三桥站,34.275562,108.962845
三民村站,34.288781,108.859859
三水北站,23.18744444,112.9136139
三水区站,23.16722222,112.8341667
三水南站,23.11611111,112.8661111
三水站,23.162331,112.883221
三水西站,23.19256,112.847498
三汇镇站,31.014854,107.165819
三汊埠站,30.9405108,114.0623781
三江南站,25.72843889,109.5715056
三江县站,25.8384,109.5676
三江坝站,32.238619,106.537747
三江站,28.950002,106.69813
三江镇站,28.2961,115.999
三河县站,39.97105556,117.08275
三溪口站,29.73305556,106.4475
三灶东站,22.042552,113.398318
三甲站,22.02835,111.50471
三界站,32.579068,118.121895
三眼桥站,23.1025,113.1808333
三穗站,26.96912778,108.6476417
三葛庄站,43.58790556,87.79326111
三角地站,41.056552,80.179176
三道堰站,30.87925833,103.9002056
三道营站,40.992615,112.296034
三都县站,26.08153056,107.8121806
三铺站,34.13146295,117.1659929
三门县站,29.05777778,121.3586111
三门峡南站,34.749492,111.154307
三门峡站,34.76138889,111.2269444
三门峡西站,34.6881,111.0753
三门站,27.59844167,113.1211361
三间房站,47.095669,123.837557
三阳川站,34.6657003,105.7055803
三阳站,30.029526,118.801888
上万站,39.82138889,116.0386111
上交站,35.7082394,111.9850232
上兰村站,38.012227,112.443129
上房山站,26.156118,117.505461
上普雄站,28.4648107,102.6565008
上杭站,25.07601389,116.3911222
上板城南站,40.823056,118.039867
上板城站,40.83688,118.05198
上柏站,23.07488,113.02001
上河口站,40.43963056,124.8530972
上海东站,31.124341,121.773103
上海南站,31.154425,121.4241611
上海国际旅游度假区站,31.15852,121.67591
上海庙站,38.23846,106.66981
上海松江站,30.985,121.2258333
上海站,31.25155278,121.4504472
上海虹桥站,31.196027,121.316099
上海西站,31.26527778,121.3961111
上清站,28.044793,117.063218
上游站,26.318546,117.695967
上源站,40.24426667,99.4461
上营站,44.145286,127.249269
上虞南站,29.981532,120.791697
上虞站,30.004181,120.852774
上街站,34.82666667,113.2711111
上西坝站,32.452742,105.816678
上铺站,28.699959,118.578318
上陵站,24.60333333,114.9891667
上饶站,28.49416667,118.0011111
下两站,32.060841,106.781898
下元站,23.115462,113.488071
下台子站,40.60330748,117.7413872
下坡处站,23.6542,102.71001
下城子站,44.66883148,130.4402083
下塘站,24.04570556,106.5308028
下塘集站,32.197125,117.212108
下太和站,30.111271,106.051057
下峪口站,35.6148264,110.5677815
下庄站,40.2857797,116.3491731
下普雄站,28.633419,102.624916
下河站,40.6382756,117.0806884
下湾站,36.529652,113.555193
下花园北站,40.502046,115.295259
下花园站,40.4851,115.273
下蜀站,32.172389,119.163226
下辛店站,30.8453,113.80053
下过溪站,26.432797,118.411046
下陆站,30.18138781,114.9763527
下马塘站,41.031861,123.736167
不冻泉站,35.536429,93.93134
且午站,26.38833333,104.2611111
且末站,38.184923,85.489784
丙谷站,26.8276466,102.0809902
东乐站,38.84517,100.80477
东乡站,28.2264,116.627
东京城站,44.1181151,129.2251846
东佳木斯站,46.78183751,130.4348616
东光站,37.891758,116.525692
东关站,31.492666,118.009096
东兴市站,21.57831667,108.0133556
东兴站,40.555774,110.188278
东冲铺站,27.736396,113.369994
东凌井站,38.03781,112.92673
东升坝站,28.886658,106.678356
东双桥站,34.85263611,113.591775
东双河站,32.0326042,114.0962382
东口站,34.373451,106.693973
东台站,32.87611111,120.3391667
东园站,40.27666667,116.0944444
东城南站,22.99018056,113.7699417
东大坝站,41.65675,117.81163
东大道站,41.436092,120.046959
东孚站,24.548122,117.927369
东孝站,29.12972222,119.71
东安东站,26.38083333,111.3319444
东安站,26.4018,111.3046
东富站,44.36442,126.88839
东岔站,34.443211,106.534746
东岳公园,29.570592,106.202012
东平山站,45.294459,127.456297
东戌站,36.69493333,113.8142944
东戴河站,40.040727,119.841213
东方站,19.090057,108.687738
东方红站,46.198021,133.076691
东明县站,35.26833333,115.0863889
东明村站,43.27101,121.2228
东榆林站,39.440657,112.759321
东水站,24.24388889,115.1713889
东沙王庄站,36.705915,116.940025
东津站,46.73777771,127.2091675
东海县站,34.5182,118.7627
东港北站,39.90920833,124.1246917
东滩站,34.20001,108.84549
东环站,22.97685722,113.3605097
东篁店站,31.67833,114.03646
东胜站,39.814741,109.969529
东胜西站,39.72339444,109.8720361
东至站,30.17491944,117.0231417
东花园北站,40.34143,115.788468
东花园站,40.34583333,115.7944444
东莞东站,22.969797,114.033919
东莞南站,22.847857,114.064107
东莞港站,22.9105556,113.6060639
东莞滨海湾站,22.768441,113.697118
东莞站,23.09138889,113.8547222
东莞西站,23.011185,113.620869
东营南站,37.356,118.545
东营站,37.4545,118.4664
东营西站,37.362,118.514
东葛站,32.175,118.5213889
东通化站,41.768525,126.0391833
东镇站,35.42603687,111.3042758
东门站,45.740862,126.716188
东阳关站,36.545241,113.472253
东阳北站,29.31564068,120.2744285
东阳站,37.538452,112.679388
东韩家站,41.70819921,124.5543414
东风站,36.796705,118.223885
东风站,40.9922,100.2002694
丝茅冲站,28.225,112.9961111
两当站,33.776623,106.30656
两河口站,28.83333333,106.7161111
个旧站,23.5167719,103.2120272
个旧站,23.3670033,103.1531913
中仓站,39.89606,116.65708
中伙铺站,29.73878478,113.9829696
中兴站,40.529861,124.048
中华门站,32.0083,118.773
中卫南站,37.47222222,105.1752778
中卫站,37.52166667,105.1863889
中原站,34.76472222,113.6163889
中和站,47.67758,124.37459
中嘴站,29.3058,107.844608
中固站,42.43764778,123.9987468
中国铁道博物馆正阳门展馆,39.89841,116.39414
中垾站,31.666658,117.75375
中堂站,23.07918611,113.6161278
中堡站,36.8170516,103.2081272
中宁东站,37.449217,105.698186
中宁南站,37.33479,105.61264
中寨站,24.77196275,104.1943567
中山北站,22.56071,113.37706
中山站,22.5467,113.428
中川机场东站,36.51998333,103.634725
中川机场站,36.50782222,103.6136472
中方站,27.397963,109.941707
中村站,28.388266,117.133374
中梁山站,29.44888889,106.4219444
中牟站,34.7101,114.0263
中驿站,31.13027778,114.8819444
丰乐站,31.617372,117.140992
丰南站,39.5725,118.0902778
丰台西站,39.83916667,116.2483333
丰城东站,28.168418,115.806374
丰城南站,28.07166667,115.7558333
丰城站,28.186,115.785
丰广站,44.2491,126.7086
丰水村站,36.459836,103.983332
丰都站,29.84805556,107.6858806
丰镇北站,40.44166667,113.1238889
丰镇站,40.43416389,113.1566111
丰顺东站,23.80513889,116.1856417
临县站,37.889024,110.989655
临城站,37.46944444,114.6058333
临安站,23.624969,102.829922
临川站,27.9631,116.25
临平南站,30.3831,120.292
临平站,30.413437,120.291239
临水站,36.433225,114.236118
临汝镇站,34.266833,112.619203
临江场站,29.233327,105.946516
临江镇站,28.00342,115.38919
临江门站,29.561,106.5712
临汾站,36.087175,111.530994
临汾西站,36.10166667,111.4594444
临沂东站,35.117386,118.4378
临沂北站,35.196789,118.374854
临沂站,35.037055,118.336058
临沧站,23.93345,100.11149
临河站,40.74292222,107.4293056
临泉站,33.024607,115.372095
临泽南站,39.13286944,100.1228444
临泽站,39.15578056,100.1583972
临洺关站,36.77704814,114.4784989
临海东站,28.75238,121.251941
临海南站,28.811727,121.129698
临海站,28.88294722,121.2429472
临淄北站,36.905038,118.335019
临淄站,36.80433333,118.302625
临清站,36.84166667,115.7319444
临湘站,29.477222,113.478056
临溪站,29.990724,118.5305
临潼东站,34.433843,109.250926
临潼北站,34.40055556,109.2019444
临潼站,34.38972222,109.2075
临澧西站,29.43611111,111.6029583
临西站,36.9275,115.7080556
临邑站,37.3126,116.839
临颍站,33.80805556,113.9141667
临高南站,19.86926389,109.7554611
丹东站,40.1236,124.382
丹东西站,39.99855278,124.2570917
丹凤站,33.68121111,110.3490694
丹徒站,32.11796944,119.5158444
丹水池站,30.657,114.339
丹江口站,32.459314,111.382292
丹江站,32.53670513,111.5132041
丹洲营站,40.471309,113.113368
丹灶站,23.0135699,112.8948904
丹阳东站,31.956679,119.648708
丹阳北站,32.014481,119.669094
丹阳站,32.00333333,119.5875
丹霞山站,24.953192,113.803256
丽春站,30.969145,103.862718
丽水站,28.44472222,119.9494444
丽水路站,34.190824,117.274815
丽江东站,26.8674361,100.2927136
丽江站,26.8143,100.25118
举人坝站,29.79416,106.66354
乃托站,28.73954,102.602362
么铺站,26.176033,105.839062
义乌站,29.3808,120.038
义乌西站,29.313539,119.9764612
义井站,36.501555,114.146383
义卜寨站,39.91451,119.42834
义县站,41.525085,121.22376
义合站,23.86305618,114.8872223
义马站,34.7223,111.9066
乌丽站,34.34535,92.59352
乌伊岭站,48.589737,129.425724
乌兰乌苏站,44.273076,85.876
乌兰察布站,40.963239,113.152311
乌兰昭站,46.44008,123.426772
乌兰木图站,41.962704,121.287304
乌兰浩特站,46.068816,122.057043
乌兰站,36.9539,98.4667
乌北站,43.877637,87.472966
乌固诺尔站,49.151936,119.319822
乌图美什站,36.8955471,93.1925905
乌奴耳站,48.87164974,121.2413912
乌山站,28.308859,112.741453
乌拉山西站,40.711605,108.645138
乌拉泊站,43.704975,87.57594444
乌拉特前旗站,40.73631667,108.6071056
乌日根塔拉站,43.26986,112.79717
乌江寨站,27.449705,106.836993
乌海东站,39.668875,106.8005722
乌海北站,39.79972222,106.775
乌海南站,39.43948333,106.7617056
乌海站,39.71138889,106.7938889
乌海西站,39.45444444,106.7338889
乌玛塘站,30.55986,91.4314
乌石站,24.569271,113.592225
乌苏站,44.40765544,84.71534191
乌西站,43.86805556,87.41805556
乌鲁布铁站,49.88699735,124.3669082
乌鲁木齐南站,43.77916667,87.58333333
乌鲁木齐站,43.83939167,87.52633333
乌龙泉东站,30.26753833,114.3248532
乌龙泉南站,30.25903333,114.340025
乌龙泉站,30.25301121,114.3308051
乍甸站,23.4726461,103.1683374
乐东站,18.44679722,108.9347222
乐化站,28.8176,115.866
乐同站,23.426113,113.169835
乐善村站,25.02643837,103.1493754
乐坝站,32.25922,106.681575
乐山北站,29.7543944,103.5751333
乐山站,29.604339,103.710512
乐平北站,29.16023595,117.0369628
乐平市站,28.969055,117.109093
乐昌东站,25.116295,113.390996
乐昌站,25.12930278,113.3578889
乐武站,28.303344,102.623422
乐清东站,28.20032222,120.9871167
乐清站,28.08795556,120.8553444
乐跃站,27.2911371,102.321127
乐都南站,36.46713611,102.3893889
乐都站,36.476276,102.433098
乐里河站,24.24225,106.284025
乔司站,30.377277,120.260547
乔子玄站,35.3539151,110.2679119
乔庄东站,39.89330278,116.6905278
九三站,48.87969914,125.249016
九佛站,23.37823,113.49288
九公里站,29.46132,106.55534
九华山站,30.59858806,117.8499025
九台南站,44.019985,125.80469
九台站,44.1472,125.8316
九峰山站,30.50225,114.4845
九标线路所,23.6128786,102.9022408
九树下站,25.59444444,113.0144444
九江北站,29.722761,115.971483
九江南站,29.68166667,115.9663889
九江站,29.70444444,116.0066667
九江西站,29.64388889,115.8897222
九站站,43.93773,126.46665
九郎山站,27.921817,113.072072
九里垄站,29.62624722,115.8336833
九里站,29.4835,103.5425
九龙坡站,29.39513,106.35311
九龙塘站,28.362366,106.841859
九龙山站,39.711525,118.9849639
九龙岗站,32.61416667,117.1022222
九龙湖站,30.03220556,121.5476778
乱石山站,42.16992064,123.6737866
乳山南站,36.875196,121.550079
乳山站,36.996529,121.502338
乾县站,34.506226,108.273193
乾安站,45.097387,123.873895
二十里铺站,36.660516,119.125785
二台子站,40.484499,124.037281
二塘站,25.23527778,110.1952778
二密河站,41.78672221,125.825473
二营子站,44.797413,125.035996
二连站,43.65555556,111.9797222
二道岩站,26.36280715,105.1617603
二道桥站,27.484103,103.866374
二道沟门站,40.884213,117.144064
二道湾站,47.9610767,124.5473289
二郎站,37.092258,98.871365
二郎集站,33.43333333,115.8080556
于官屯站,37.394952,116.306724
于家庄站,38.80805556,115.3547222
于洪站,41.819665,123.311231
于祥堡站,38.691666,106.240932
于都站,25.978426,115.410976
云东海站,23.22053056,112.8405806
云南府站,25.034,102.71624
云南驿站,25.38222222,100.7030556
云县站,24.40169344,100.1265679
云台山站,34.69103,119.28572
云居寺站,39.624536,115.808643
云山站,23.11263056,114.4125861
云梦东站,31.048013,113.778936
云梦站,31.02392778,113.7327083
云浮东站,23.014939,112.133366
云浮站,22.963753,112.056834
云湖桥站,27.82361111,112.7111111
云溪站,29.474219,113.27157
云盘站,26.680481,113.5385638
云阳站,31.000007,108.720116
云霄站,23.8941,117.357
云龙站,29.7764748,121.5877386
五三乘降所,41.72555556,123.4544444
五公站,38.13472222,115.6669444
五十家子站,42.09251947,118.1651078
五华站,24.059249,115.627708
五原站,40.90974,108.04393
五台山北站,39.264393,113.559215
五台山站,38.867731,113.726379
五大连池站,48.627213,126.610965
五女山站,41.276761,125.321241
五家户站,45.694411,122.713792
五家站,45.542631,126.38694
五寨站,38.916375,111.8274472
五常站,44.9127,127.1353
五府山站,28.23128889,118.0408028
五河站,33.12468889,117.843875
五眼桥线路所,23.10888889,113.2002778
五莲站,35.805414,119.201637
五路站,39.93361111,116.2802778
五通站,25.37638889,110.0856944
五道梁站,35.1947,93.0786
五道河站,40.89152,117.060899
五里冲站,23.63038639,102.9398662
五里堡站,34.71166667,113.6794444
五里墩站,27.81,113.2088889
五里峰站,28.027913,117.795764
五里铺站,32.720295,108.906216
五阳站,36.47012222,113.06485
五龙背东站,40.26337778,124.281775
五龙背站,40.259972,124.275028
井亭站,34.856732,117.218685
井冈山站,26.731009,114.292525
井冈山站,41.269075,100.3238472
井口站,29.656735,106.455029
井头墟站,26.3972,111.4005
井店站,36.604896,113.715463
井湾站,22.11228,113.48058
井陉北站,38.15174444,114.0194694
亚复站,44.0642,126.532
亚布力南站,44.78983569,128.4826655
亚布力站,44.92685922,128.608674
亚布力西站,44.90804,128.580594
亚沟站,45.480295,127.070117
亚龙湾站,18.304444,109.597778
亢村站,35.14111111,113.72
交口站,34.725089,111.271627
交城站,37.520326,112.189497
亦庄站,39.8119,116.596
京山南站,30.82685833,112.9729278
京山站,31.03888889,113.1308333
亭亮站,22.2195,107.1843
亭塘站,23.20651,103.74562
亭林站,30.897016,121.353985
亲睦村站,24.82979,109.99495
亳州南站,33.795525,115.792092
亳州站,33.84916667,115.7925
什邡西站,31.12325924,104.11822
什里店站,36.68978611,113.9371167
仁和站,26.7039463,100.2654516
仁寿村站,23.6915902,102.5675346
介休东站,37.05266667,111.9815556
介休站,37.0189,111.912
从江站,25.91194444,109.1101389
仑苍站,25.028095,118.287272
仓前站,30.296541,119.983091
他石海站,45.56255,124.300637
他郎河站,23.32325389,101.6782569
付村站,34.183394,108.864566
付楼站,36.35805556,115.8775
仙塘站,23.80666667,114.7466667
仙居南站,28.823448,120.748464
仙居站,28.825091,120.639802
仙店站,27.555679,117.985222
仙村站,23.174894,113.706463
仙林站,32.12505556,118.9072861
仙桃站,30.32321111,113.5014222
仙桃西站,30.42771944,113.1339056
仙游站,25.25347222,118.8666667
代县站,39.07611111,112.9777778
代家坝站,33.01103,106.16046
代湾站,29.314281,103.458266
仪征站,32.316035,119.144673
仲恺站,23.03026389,114.2617444
任丘站,38.69305556,116.1388889
任家湾站,34.34083333,107.1011583
任祥屯站,35.68277778,115.9213889
伊列克得站,48.8460163,121.5883427
伊图里河站,50.627514,121.544722
伊宁东站,43.953424,81.499871
伊宁站,43.966745,81.275449
伊尔施站,47.289938,119.8413836
伊尹站,34.2725,115.7381944
伊川站,34.41685889,112.4831589
伊拉哈站,48.82001298,125.1595463
伊敏站,48.648643,119.78154
伊春站,47.726952,128.91983
伊春西站,47.722388,128.736731
伊林站,44.5983,130.3462
伊通站,43.36857,125.28054
伍佑站,33.31743178,120.2217028
伍明站,33.05444444,115.8525
伏牛溪站,29.40005,106.467986
休宁站,29.796325,118.17525
会同站,26.88555556,109.7277778
会昌北站,25.8301029,115.7808321
伯官站,41.87860626,123.7106393
伯阳站,34.55916667,106.0463889
低庄站,28.051935,110.711037
低窝铺站,40.1428,97.2404
何刘站,30.530697,114.491648
何家湾站,31.340181,121.493112
何寨站,34.4970114,109.3201306
佗城站,24.06972222,115.1761111
余下站,34.07155,108.60789
余姚北站,30.1008,121.164
余姚站,30.056693,121.156815
余姚西站,30.058335,121.104142
余家湾站,30.505382,114.297795
余家站,28.163833,117.017118
余干站,28.77338949,116.644105
余江站,28.21861111,116.8138889
余粮堡站,43.43809,121.96326
佛图关站,29.552,106.5277
佛坪站,33.502106,107.980356
佛塱站,23.36727,113.53366
佛山东站,23.07771045,113.1122243
佛山站,23.051568,113.092372
佛山西站,23.08138889,113.0286111
佛肇站,22.86904,112.56916
佳木斯站,46.80194444,130.3752778
佳木斯西站,46.771761,130.256722
依克布浪站,40.0835631,106.8288278
依兰站,46.276805,129.600359
依坑站,23.27127,112.70143
依安站,47.871797,125.278366
侯潭站,29.808746,117.671478
侯马北站,35.6464496,111.3695287
侯马站,35.61305556,111.3522222
侯马西站,35.601336,111.282321
保定东站,38.86333139,115.5958333
保定南站,38.84392,115.45187
保定站,38.86166667,115.4744444
保山站,25.15367,99.17817
保康县站,31.745171,111.221365
保康站,44.125774,123.320324
保田站,25.38034,104.70061
信丰站,25.40083313,114.9022217
信丰西站,25.35351,114.89541
信宜站,22.329184,110.965472
信阳东站,32.14589722,114.1551056
信阳北站,32.19101787,114.0681118
信阳站,32.13083306,114.0772222
信阳西站,32.23091615,113.9279707
修文县站,26.854542,106.748362
修文站,37.606488,112.714002
修武站,35.24354722,113.4325222
修武西站,35.2114,113.4189
倒湖站,29.686834,117.454228
倮姑站,23.19198,103.70435
偃师站,34.7299,112.7884
偏店站,36.64589722,113.7477
儿童公园站,29.5584863,106.2023342
元坝站,32.319369,105.971685
元宝山站,42.231945,119.236983
元氏站,37.75888889,114.5384169
元江站,23.70144694,102.0066131
元田坝站,28.19388889,106.8361111
元谋站,25.7383303,101.842105
元谋西站,25.71138889,101.8391667
元龙站,34.535764,106.175614
先锋站,28.073212,112.991284
光华门站,32.017267,118.822998
光山站,31.97861111,114.9597222
光新路站,31.260962,121.417305
光明城站,22.7357,113.9495
光明站,48.27785,124.62857
光泽站,27.553493,117.346323
克东站,48.15853,126.20441
克利站,46.50451,123.44442
克山站,48.013509,125.843893
克拉玛依站,45.52724,84.89253
免渡河站,49.091392,121.053071
兖州北站,35.59542199,116.831289
兖州站,35.55638889,116.8361111
兖州西站,35.49288056,116.7423083
党家庄站,36.579304,116.898624
全州南站,25.955847,111.036667
全州站,25.95833333,111.0388889
全椒站,32.06182778,118.2780028
八仙筒站,43.1996,121.05783
八公里站,29.48106,106.56221
八大家站,30.63666667,114.3722222
八家旺站,26.52289427,109.6790073
八斗站,25.894392,109.559964
八方山站,28.23333333,112.9286111
八方站,48.40715,124.77865
八渡站,24.70864722,105.7974278
八甲站,21.95673,111.42815
八苏木站,40.952892,112.848467
八角台站,41.2859,121.2443
八达岭站,40.36,116.0016667
八达岭长城站,40.35794111,116.0047589
八都站,27.44,115.2588889
八里庄站,37.480727,116.245821
八里店站,34.70613,109.23361
八里湾站,31.231121,118.393705
八里站,30.699739,104.108902
八面通站,44.92453861,130.5345245
公主岭南站,43.4708,124.81
公主岭站,43.50664,124.805659
公兴站,30.47694444,103.9669444
公平墟站,26.20831389,112.8669806
公积坂站,40.558312,110.366985
公营子站,41.355209,119.844303
六个鸡站,26.5675,107.7866667
六公里站,29.50055,106.56963
六合站,32.367616,118.841154
六合镇站,48.34869,124.69068
六地沟站,43.42555556,117.7
六安站,31.7175,116.495
六家子站,43.968972,127.30812
六摆渡站,32.182139,119.358681
六枝南站,26.23049,105.434482
六枝站,26.2257629,105.4647609
六盘山站,35.70716,106.28841
六盘水南站,26.559372,104.857595
六盘水站,26.59404444,104.8500694
六道河子站,40.394372,117.308999
兰州东站,36.029516,103.888533
兰州北站,36.14166667,103.6558333
兰州新区站,36.46957,103.616338
兰州站,36.03416667,103.8486111
兰州西站,36.0675,103.7491667
兰店站,39.76837,123.02143
兰棱站,45.218837,126.183145
兰溪东站,29.2343262,119.4976194
兰溪站,29.215966,119.474921
兰考南站,34.77194444,114.8183333
兰考站,34.8158,114.8139
兰陵北站,34.896791,118.006379
共和站,29.303729,103.318211
共青城站,29.2419,115.775
关口线路所,23.5346146,103.2022063
关寨站,26.28552755,105.2224873
关山站,34.709371,109.36954
关岭站,25.9669,105.5233
关帝庙站,34.79333333,113.4688889
关村坝站,29.289366,103.021125
关林站,34.63543333,112.5070167
关田站,26.542,106.6967694
关碾房站,40.30574,109.97143
关累站,21.7379658,101.2955958
关西镇站,24.84027778,114.9272222
关角站,37.188009,98.934145
兴业南站,22.716005,109.875532
兴义南站,25.08361111,104.9544444
兴义站,25.166354,104.987382
兴化站,33.02011954,120.2988832
兴卫村站,32.10638889,118.8497222
兴和北站,40.891359,113.835781
兴和西站,40.84749,113.806633
兴国站,26.33305556,115.3133333
兴国西站,26.315626,115.27448
兴城站,40.622218,120.696928
兴城西站,40.59044167,120.6099861
兴宁南站,24.10553,115.78873
兴宁站,24.1019,115.728
兴安北站,25.67208333,110.6641667
兴安岭站,48.8211,121.6594
兴安站,25.620119,110.662758
兴寿站,40.237639,116.423605
兴山站,31.33461,110.75412
兴平站,34.2898,108.4842
兴文南站,28.162154,105.268743
兴文站,28.338113,105.244562
兴田站,27.510153,118.05594
兴福站,46.68972222,127.1141667
兴莲站,46.87794,130.290408
兴隆县站,40.43543,117.507509
兴隆县西站,40.412876,117.475427
兴隆场站,29.702338,106.382809
兴隆庄站,34.781985,114.511834
兴隆镇站,46.44184722,127.1139917
兵马营站,40.593781,117.010413
养三站,39.925148,116.139251
养马场站,39.898818,116.168908
冀州站,37.51050852,115.5714781
内乡站,33.06972222,111.8607778
内江东站,29.56346,105.05456
内江北站,29.60915,105.084866
内江南站,29.541042,104.992321
内江站,29.5909,105.0339
内邱站,37.295,114.5269444
内黄站,35.673029,114.857715
内黄集站,34.75888889,114.9625
冉家河站,32.527832,105.838067
册亨站,24.91771,105.57203
冕宁站,28.286761,102.190474
冕山站,28.357424,102.307817
冗百站,24.946603,105.484372
军山站,29.15361111,115.7727778
军田站,23.45948056,113.1428861
军粮城北站,39.06555556,117.4211111
军粮城站,39.057165,117.447137
农安站,44.433832,125.154467
冠县站,36.499417,115.438865
冠朝站,26.67444444,114.9886111
冠豸山南站,25.52687222,116.6744861
冠豸山站,25.74333333,116.7175
冬瓜铺站,24.34772222,113.4886833
冯家口站,38.164357,116.739782
冯家山站,34.52782,107.18361
冯屯站,47.4624,124.1231
冲庄站,23.14809,103.72846
冷水井站,27.26649097,109.8804595
冷水江东站,27.661639,111.461466
冷水江西站,27.66048611,111.4128528
冷水铺站,27.42472222,109.5005556
准格尔站,40.125413,111.23606
凉亭坳站,27.75374814,109.9194071
凉红站,29.083358,102.817452
凉雾站,30.26168333,108.8088306
凉风垭站,28.240842,106.828217
凌家场站,29.483271,104.917686
凌海南站,41.151214,121.370197
凌海站,41.17929,121.357104
凌源站,41.23375,119.3769444
凤凰古城站 (中国铁路),28.02048,109.59968
凤凰城站,40.4485,124.059
凤凰山站,26.26805556,104.1533333
凤凰机场站,18.318333,109.406667
凤凰站,23.92654722,109.2794889
凤县站,33.90684167,106.5030111
凤台南站,32.638802,116.617422
凤台站,32.760559,116.723463
凤城东站,40.46316389,124.1290306
凤城十路站,34.35396,108.94302
凤州站,33.97161667,106.6508861
凤翔站,34.46248,107.2458
凤阁岭站,34.532731,106.44465
凤阳站,32.905,117.6286111
凤鸣村站,24.989252,103.0274871
凫村站,35.478183,116.957043
凭祥站,22.08277778,106.7391667
凯里南站,26.51696389,107.8841139
凯里站,26.606334,107.972357
凯里西站,26.548698,107.665405
分宜站,27.808736,114.65886
分路口站,31.74558079,116.3195528
刘召站,40.909627,108.044207
刘家嘴站,29.519582,106.199083
刘家坝站,29.43025,106.47875
刘家河站,40.671944,123.986444
刘府站,32.802346,117.330119
刘村站,35.6106851,111.0944588
刘沟站,29.288666,103.505886
刘营站,33.91805649,115.7988892
刚察站,37.243689,100.098418
初城站,22.95476,112.13209
利国站,34.55774444,117.3410778
利川站,30.28084,108.936022
利水站,24.801701,117.605073
利津南站,37.4064,118.1689
利辛西站,33.207301,116.12286
别山站,39.954916,117.481644
到保站,45.596099,123.164364
前卫站,40.17373076,120.1291505
前场站,24.595,118.013
前寨站,39.23042961,112.3894174
前山站,22.23738056,113.5205806
前洲站,31.682377,120.2333
前磨头站,37.79388889,115.4872222
前达拉滨站,49.5651896,124.8872374
前进镇站,47.541374,133.116511
前阳南站,39.94634,124.21649
前黄站,31.57027778,119.9925
剑门关站,32.28361,105.48053
功塘站,29.172583,119.523316
加南站,50.33426137,124.1572609
加查站,29.14399,92.56918
加格达奇站,50.4187,124.1187
动物园站,29.502833,106.505585
励家站,41.734881,122.349729
劲松站,51.06552067,124.1814517
劳动屯站,45.86939,124.534628
勉县站,33.17362,106.68823
勉西站,33.13819,106.63845
勐腊北站,21.4789163,101.527828
勐腊站,21.4280616,101.5870139
勐远站,21.652805,101.3734911
勤丰营站,25.144927,102.3024069
勾庄站,30.3611,120.09225
包头东站,40.569671,110.0246
包头南站,40.560045,109.780545
包头站,40.605,109.8302778
包头西站,40.615299,109.743391
包官营站,39.96138889,118.8136111
包庄站,34.582179,119.032786
化城站,24.7831262,102.8310306
化处站,26.212214,105.614883
化州站,21.65549,110.64752
化念站,24.04554942,102.2312431
化稍营站,40.26482,114.60272
化鱼山站,31.420807,118.405647
化龙南站,23.03886,113.43807
北东闸站,34.42611255,115.7068994
北井子站,39.89714444,123.8971278
北京东站,39.90138889,116.4786111
北京丰台站,39.849772,116.294567
北京北站,39.94527778,116.3472222
北京南站,39.863546,116.372573
北京大兴站,39.71939,116.32254
北京朝阳站,39.94318,116.50212
北京站,39.90222222,116.4211111
北京西站,39.8935439,116.3149215
北京通州站,39.9079,116.7001
北仑港站,29.92652778,121.8730833
北仑站,29.90555556,121.86775
北仓站,39.239968,117.145708
北召店站,33.4766,112.757403
北周庄站,39.59793,112.842008
北园站,36.692604,116.997732
北坑站,29.842845,117.901917
北塘站,39.097486,117.687059
北宅站,40.3398398,116.5668865
北安站,48.23299,126.505722
北屯市站,47.322984,87.756413
北屯站,39.357069,114.763807
北山站,43.837,126.529
北戴河站,39.84972222,119.4136111
北松浦站,45.875215,126.632041
北林站,44.5154,130.1455
北沟东站,34.358787,118.413522
北河店站,39.21222222,115.7572222
北流站,22.732847,110.317201
北海站,21.45439722,109.1246917
北滘站,22.91792222,113.2584833
北滘西站,22.95516,113.17279
北滩站,37.053618,104.865146
北牟站,36.51048,118.10588
北碚站,29.80228179,106.4319052
北票站,41.766455,120.783338
北舍站,36.321675,113.1571028
北芦庄站,38.80666667,116.2488889
北营站,37.795339,112.592905
北辛堡站,40.41825,115.75185
北辰站,39.27089665,117.2703755
北郊站,31.305189,121.451799
北集坡站,36.07526739,117.1448818
北马圈子站,40.51907,117.59757
十九沟站,40.3475,113.293
十二里阁站,36.757469,116.777679
十八台站,40.904805,112.816554
十堰东站,32.709969,110.81898
十堰站,32.60555556,110.7763889
十字门站,22.175643,113.515737
十家堡站,43.261902,124.495356
十渡站,39.646175,115.583216
十里冲站,27.88194444,113.0338889
十里村站,23.75737424,103.2494208
十里牌站,31.41725,119.831922
十陵站,30.641579,104.208591
千层岩站,29.599691,106.211711
千岛湖南站,29.48500278,119.19645
千岛湖站,29.73799,119.186841
千河站,34.39279,107.29834
午汲站,36.65219056,114.1492072
半截店,43.63613,122.14265
半边街站,26.580711,107.291201
华安站,25.00184716,117.5352912
华容东站,30.53404444,114.7814278
华容南站,30.448925,114.7689778
华容站,30.520826,114.737425
华山北站,34.58311,110.093047
华山站,34.5225,110.0608333
华州站,34.49666667,109.7575
华新街站,29.566776,106.53346
华桥站,27.569808,117.204018
华源站,28.85305556,115.8655556
华蓥站,30.365855,106.777224
华谊电影小镇站,28.083302,112.911032
协荣站,29.39166,90.91585
卓宅站,25.356564,117.379581
卓资东站,40.92277778,112.6123611
卓资山站,40.900585,112.555361
南丰站,27.2894082,116.5973746
南丹站,24.97896944,107.5543111
南乐站,36.012636,115.407593
南京东站,32.12205,118.886924
南京北站,32.16833333,118.6561111
南京南站,31.97055556,118.7925
南京站,32.088583,118.792189
南京西站,32.09722222,118.7366667
南仓站,39.202362,117.171957
南充东站,30.846696,106.167268
南充北站,30.859305,106.066556
南充站,30.809596,106.081605
南关岭站,39.00638,121.58195
南关镇站,27.656465,106.913429
南华北站,25.20951,101.28166
南华站,25.18952394,101.2596103
南口站,40.238025,116.1228333
南召站,33.441463,112.734533
南城站,27.56111389,116.6136417
南塔底站,38.020278,112.629071
南塘镇站,26.10055556,115.2575
南大寺站,39.870617,119.490687
南大庙站,40.765515,117.061292
南头站,22.71562,113.30342
南宁东站,22.84458333,108.4100278
南宁北站,23.161453,108.232572
南宁南站,22.777572,108.239468
南宁站,22.8293,108.311
南宁西站,22.890776,107.970905
南安站,24.990983,118.392493
南宫东站,37.16888889,115.6897222
南宫山站,27.622204,106.898915
南宫站,37.35773414,115.2225294
南尔岗站,28.941769,102.724773
南山北站,18.319416,109.205663
南山口站,36.192777,94.779566
南山站,37.144023,98.869225
南岔站,47.13145338,129.2730613
南岳山站,26.548775,106.729174
南峧站,36.57393889,113.558225
南崗站,23.12365,113.53538
南川站,29.14719753,107.1019174
南平市站,27.475872,118.088514
南彭站,29.36274639,106.59734
南昌东站,28.617156,116.01641
南昌北站,28.7439,115.86
南昌南站,28.50485,115.94559
南昌站,28.66541944,115.9148611
南昌西站,28.6261,115.788
南星桥站,30.21944444,120.1669444
南曹站,34.679232,113.784629
南朗站,22.4891,113.52813
南木站,48.17656934,122.3596719
南杂木站,41.962796,124.401584
南永宁站,35.279116,110.052638
南江口站,23.122032,111.78306
南江站,26.89743056,106.9693889
南沙北站,22.868712,113.485232
南沙河站,35.014838,117.170249
南沙港南站,22.61334,113.67833
南沙港站,22.66831,113.64239
南沙站,22.70025833,113.5531639
南河川站,34.6244608,105.762542
南津港站,29.36664,113.08925
南浦站,31.190212,121.463947
南港站,20.0414373,110.1521311
南湖东站,30.46882778,114.3748639
南湖站,30.4659992,114.3623907
南溪河站,23.6246,101.9370961
南溪站,22.63058,103.941281
南漳站,31.802909,111.861319
南白镇站,27.52411,106.84702
南翔北站,31.2813,121.309
南翔站,31.28194427,121.3063889
南芬北站,41.13351667,123.7391861
南芬站,41.102889,123.749361
南营寨站,23.6265267,102.87943
南观村站,39.766367,115.987889
南通东站,31.993408,120.951852
南通站,32.070195,120.855958
南通西站,32.103557,120.761105
南部站,31.373124,106.009359
南阳东站,32.952603,112.655954
南阳寨站,34.81555,113.6109
南阳站,33.00055556,112.5058333
南阳西站,33.00348482,112.4345784
南陵站,30.838115,118.292727
南陶洛站,35.615533,117.086207
南雅站,26.860377,118.29815
南靖站,24.5817,117.444
南驿站,35.85916997,117.089822
博乐东站,44.931307,82.648098
博乐站,44.901573,82.110848
博克图站,48.752632,121.912309
博兴站,37.1351,118.1367
博白站,22.234238,109.989484
博罗东站,23.22555556,114.4261111
博罗北站,23.481146,114.557329
博罗站,23.1428,114.20473
博览中心站,34.229841,117.290758
博鳌站,19.137862,110.482708
卞庄站,32.729985,118.031888
卢龙北站,40.043012,118.908747
卢龙站,39.95138889,118.9775
卧牛河站,48.07863024,122.6865685
卧里屯站,46.468195,125.211651
卧龙寺站,34.36531,107.25666
卫东站,45.927589,122.23393
卫家店站,31.32083333,113.9672222
卫星站,45.72027778,132.4855556
卫辉南站,35.39026111,114.1328972
卫辉站,35.43220833,114.0620167
卫闽站,27.073158,117.679233
即墨北站,36.403786,120.388892
即墨站,36.367777,120.264419
历城二中唐冶校区（云巴）站,36.703376,117.223349
历城北站,36.709035,117.131327
历城站,36.650833,117.190278
厉家寨站,35.28301111,119.1261667
厉山站,31.89002639,113.2601964
厚街站,22.90053,113.64555
原平站,38.71888889,112.7208333
原平西站,38.73815278,112.6679472
厦门北站,24.6388,118.069
厦门站,24.4705,118.111
厦门高崎站,24.53997,118.10966
叆河站,40.45172222,124.1742222
双丰站,46.972257,127.754227
双凤桥站,29.731803,106.628834
双凤驿站,29.44669,105.14028
双刘站,31.524952,117.971632
双口站,39.27222222,117.0355556
双吉站,43.96251111,126.4307667
双坑站,26.419446,118.560406
双城北站,45.424193,126.264884
双城堡站,45.393863,126.286932
双塔站,40.648673,96.368047
双墩集站,32.014849,117.253615
双寨站,36.63709,101.5695
双峰北站,27.56154722,112.0075972
双峰寺站,41.05,117.9716667
双庙子站,42.950815,124.207594
双望站,39.915,119.0672222
双桥站,39.89828611,116.5650694
双水站,26.552256,104.937432
双水镇站,22.427196,112.950244
双河市站,44.90215,82.41252
双河站,31.27259,112.29592
双洋站,25.622007,117.368725
双流机场站,30.57181389,103.954775
双流站,30.5525,104.0238889
双流西站,30.545125,103.9169778
双清站,27.26170833,111.5340139
双渠口站,38.444775,106.1426056
双溪站,29.65256111,106.7384444
双牌站,26.02296389,111.6548
双福站,29.6875,103.5308333
双羊店站,41.110667,121.266466
双辽站,43.490967,123.512897
双阳站,43.51462,125.63532
双鸭山站,46.643239,131.143862
双鸭山西站,46.70865,131.08226
双龙湖站,45.82801,128.49017
双龙站,31.302148,107.452233
双龙站,29.70072,106.61511
反修站,41.86065556,100.5169444
发展大道站,34.16815,108.85224
口前站,43.6634,126.491
口孜集站,32.83672896,116.0814387
古丈西站,28.624144,109.931706
古东站,37.92083333,112.225
古井站,22.34994,113.1197
古交站,37.91666667,112.1575
古冶站,39.720523,118.411962
古北口站,40.691185,117.137982
古城东站,33.527804,115.80583
古城湾站,40.552246,110.10498
古城站,47.959237,125.673627
古城集站,33.54666667,115.8038889
古培塘站,28.738611,113.052778
古店站,40.172387,113.29918
古河站,44.46103182,83.91367906
古源站,50.91922004,124.3128623
古田会址站,25.186971,116.767433
古田北站,26.465282,118.659134
古田站,26.432279,118.618691
古砦站,24.743517,109.103154
古竹站,24.52530679,109.1173183
古荣站,29.76309,90.77651
古莲站,52.94652778,122.3465278
古营盘站,40.97456,113.104314
古路站,29.800148,106.690565
古镇站,22.60095278,113.2006611
古雄站,31.919896,118.656005
古露站,30.830381,91.618389
句容站,31.92338292,119.1668001
句容西站,31.83478333,118.9744972
可保村站,24.9724785,103.0649724
台前站,35.96388889,115.8575
台头站,32.415,115.3127778
台安站,41.4439454,122.4252029
台山站,22.302197,112.810171
台州南站,28.54222222,121.3188889
台州站,28.655477,121.368025
台州西站,28.6892,121.286
台阁牧站,40.74555556,111.4744444
史口站,37.411,118.392
史家乡站,29.6394556,104.9974604
史寨站,33.18353,106.86556
叶城站,37.893197,77.470931
叶柏寿站,41.38972222,119.6375
叶榭站,30.942094,121.32491
叶集站,31.83621867,115.9322662
合川站,29.961878,106.274973
合浦站,21.625,109.1834722
合肥东站,31.912002,117.345334
合肥北城站,32.06504444,117.2467556
合肥北站,31.919116,117.286509
合肥南站,31.80051944,117.2849
合肥站,31.88777778,117.3116667
合肥西站,31.872978,117.227709
合阳北站,35.28896,110.08559
合阳站,35.195533,110.085337
吉安南站,27.02277778,114.9616667
吉安站,27.10861111,115.0161111
吉安西站,27.139583,114.927421
吉新河站,47.57837838,122.8609585
吉林北站,43.913871,126.559457
吉林站,43.8564,126.57
吉林西站,43.814857,126.504922
吉水站,27.18027778,115.1286111
吉水西站,27.282052,115.085749
吉舒站,44.2861,126.7968
吉首东站,28.2191531,109.7227893
吉首南站,28.25781892,109.6998956
吉首站,28.327402,109.730332
同兴站,40.118195,124.317223
同心站,36.99406667,105.9266667
同江北站,47.71966742,132.620032
同江站,47.6265,132.4998
名山站,30.059725,103.1885944
后吕村站,39.83055556,116.165
后封台站,39.70711111,119.0666389
后溪街站,28.834833,118.751306
后章村站,40.12861111,116.1768056
吐哈站,43.05984459,90.52939832
吐鲁番北站,43.02138889,89.10791667
吐鲁番站,43.1518,88.8749
向塘站,28.4464,115.957
向塘西站,28.4085,115.956
向阳店站,37.993463,112.504454
向阳桥站,26.71951103,112.7202706
向韶站,27.78916667,112.6472222
吕城站,31.907054,119.742035
吕店站,32.25944444,115.2236111
吕梁站,37.5675,111.1311111
吕河站,32.75672,109.30714
含山南站,31.48056,118.08722
启东站,31.858828,121.641898
吳忠站,37.97479,106.24612
吴圩机场站,22.60258333,108.1835278
吴堡站,37.480622,110.660785
吴官田站,25.4841926,103.5316097
吴家塘站,27.249275,117.616314
吴家屯站,41.625667,123.445083
吴家山站,30.6141,114.065927
吴川站,21.511723,110.764491
吴村站,35.71942645,117.0150299
吴桥站,37.626307,116.380478
呈贡站,24.93092611,102.8074469
员外庄站,35.29601,117.905315
周口东站,33.6472,114.74157
周口店站,39.686528,115.927348
周口站,33.579173,114.659741
周士庄站,40.1158,113.466
周宁站,26.93878,119.374722
周家坳站,26.84422778,112.6724083
周家湾站,32.1876553,114.0713903
周家站,45.4597,126.6668
周曲家站,31.396205,118.314696
周李庄站,39.073257,116.99413
周村东站,36.76616944,117.9115778
周水子站,38.9565,121.5609
周泾巷站,31.51361111,120.3716667
周王庙站,30.4519,120.50079
周铁岗站,31.04472222,114.9555556
呼中站,52.03413333,123.5979611
呼兰站,45.9965,126.6409
呼和浩特东站,40.84972222,111.7583333
呼和浩特站,40.82972222,111.6591667
呼图壁站,44.14579835,86.855966
呼鲁斯太站,39.2409202,106.2392273
和乐站,18.924975,110.4535278
和什托洛盖站,46.407301,86.272682
和平北站,24.47542,114.95541
和平站,24.46027778,114.9644444
和平里站,39.965703,116.425693
和村站,36.556462,114.123126
和桂站,23.271117,113.097092
和田站,37.158896,79.904753
和硕站,42.302322,86.874316
和静站,42.309728,86.369398
和顺县站,37.31416667,113.5605556
和顺站,27.481366,117.39287
和龙站,42.88427,129.48989
咸丰站,29.597647,109.054929
咸宁东站,29.86882778,114.3392917
咸宁北站,29.9014,114.296
咸宁南站,29.839425,114.3002361
咸宁站,29.882202,114.283446
咸阳北站,34.420325,108.6696389
咸阳站,34.3447,108.73
咸阳西站,34.332325,108.6624944
哈业胡同站,40.62484805,109.4366654
哈克站,49.190893,120.070113
哈力图站,49.3857043,125.1733174
哈密东站,42.74175211,93.59185363
哈密站,42.8484,93.5045
哈尔滨东站,45.78666667,126.7055556
哈尔滨北站,45.8486,126.5302
哈尔滨南站,45.669682,126.629625
哈尔滨站,45.758458,126.623897
哈尔滨西站,45.706929,126.578014
哈尔盖站,37.18297507,100.4152147
哈拉沟站,48.829961,121.356433
哈拉站,40.894914,112.766907
哈拉苏站,48.11448291,122.4221929
哈日努拉站,45.620481,120.057406
哈达湾站,43.9011736,126.5365838
哈达站,50.678913,121.511877
哈达铺站,34.221529,104.23165
哈达阳站,49.29998096,125.2095467
响水县站,34.193261,119.682661
响水站,33.02895,106.21711
哲桥站,26.471554,112.785529
哲里木站,43.63115,122.19501
唐冶（云巴）站,36.689459,117.222166
唐南集站,33.357235,117.265884
唐古拉北站,33.081406,91.773918
唐古拉南站,32.868,91.5296
唐古拉站,33.005496,91.649308
唐坊站,39.47305556,118.0177778
唐官屯站,38.711182,116.924907
唐家沱站,29.611989,106.641762
唐家湾站,22.36596,113.54637
唐家站,41.678683,122.249022
唐家院子站,29.60199,106.53687
唐山东站,39.758365,118.193181
唐山北站,39.815437,118.112685
唐山南站,39.61232348,118.196141
唐山站,39.62555556,118.12
唐山西站,39.69527778,118.0170861
唐林岗站,38.67340482,112.7194269
唐河站,32.66888889,112.8452778
唐海南站,39.21718889,118.5845222
唯亭站,31.36251,120.784294
商丘东站,34.332114,115.726726
商丘北站,34.48555556,115.66
商丘南站,34.40972222,115.6994444
商丘站,34.44611,115.65196
商南站,33.528571,110.89586
商城站,31.95563333,115.4369917
商河北站,37.436202,117.093316
商洛北站,33.86985198,109.9461272
商洛站,33.82310358,110.0132084
商都站,41.57833333,113.5511111
商酒务站,33.953686,112.980902
喀什站,39.49194444,76.04611111
喀左站,41.222351,119.799874
喇嘛山站,48.38400151,122.255695
喇嘛甸站,46.70637368,124.7740618
喜屯站,24.10230278,106.4557333
喜德站,28.312877,102.39798
喜德西站,28.3575895,102.2755814
嘉兴东站,30.781884,120.785476
嘉兴南站,30.69305556,120.7955556
嘉兴站,30.766732,120.759156
嘉兴站,39.81255,98.307996
嘉善北站,30.94388889,120.81
嘉善南站,30.790224,120.931808
嘉善站,30.852442,120.914255
嘉峪关南站,39.71664167,98.30931944
嘉峪关站,39.7636,98.2531
嘉峰站,35.58666667,112.5166667
嘉川站,32.208508,106.207532
嘉祥北站,35.47142,116.3632
嘉祥站,35.39263889,116.3529167
嘎什吐站,42.90805,120.7087
嘎拉德斯汰站,43.46880556,117.7436111
四会站,23.27319444,112.7494444
四台子站,40.484417,123.989528
四合永站,41.79924,117.82236
四团站,30.8925,121.7495
四平东站,43.1356,124.433
四平站,43.1655,124.367
四方站,36.105888,120.341232
四棵树站,44.40670791,84.31561295
四渡站,27.786085,117.987558
四道口站,39.95663333,116.3402306
回兴站,29.69318,106.60201
回龙站,28.87916667,110.1844444
团山站,44.908205,125.966662
团结山站,27.97432778,111.1090472
团结村站,29.639658,106.375371
团结站,48.10174,124.61022
团风站,30.75083333,114.8933333
园冲站,26.97278898,109.7577329
园博园站,29.677499,106.560104
园岱站,27.638251,117.141888
固原站,36.02111111,106.3011111
固城站,39.13611111,115.7088889
固始站,31.9147,115.67
固安东站,39.37091944,116.3990111
固安站,39.42402778,116.3180556
固川站,34.410458,106.965356
固镇站,33.31833333,117.3008333
国家会展中心站,31.19105,121.29614
图们北站,42.99444444,129.7927778
图们站,42.96277778,129.8341667
图强站,52.93000031,122.7852783
图里河站,50.482056,121.667198
圃田站,34.736911,113.797692
圃田西站,34.735002,113.699562
土们岭站,44.10279,126.04315
土地堂东站,30.21478611,114.3328139
土地堂站,30.20195072,114.3279928
土坎站,29.383523,107.676745
土堂站,37.99444444,112.4330556
土塘站,22.961808,114.020434
土岭站,25.179818,113.268874
土木站,40.365,115.586
土溪站,31.016977,107.056599
土牧尔台站,41.84879722,113.1379083
土贵乌拉站,40.785996,113.205124
土龙川站,36.4,103.9593
地方站,35.338317,117.846002
地阳坪站,26.27879629,109.612906
圳上站,27.995542,117.134001
坂田站,22.62611111,114.0463889
坊塘铺站,34.39563526,106.9954369
坑口站,28.44472,117.777652
坑坑店站,32.25717686,106.6066523
坡底下站,36.138065,103.512797
坦途站,46.186178,123.333645
坪南站,25.280799,113.055695
坪头站,34.40284432,106.8952325
坪石站,25.28722222,113.0483333
坳上站,25.68357222,113.0291361
垫江站,30.3071,107.3737
垭口站,26.7859151,101.9985954
埃岱站,29.026896,102.799551
城厢站,30.83722566,104.3151619
城口站,25.675152,117.500988
城固北站,33.186016,107.301397
城固站,33.14045278,107.3183861
城子坦站,39.49386944,122.4730028
城西站,19.979167,110.327778
城门站,25.492203,117.457944
城阳站,36.298571,120.359773
城隍庙站,30.68168,104.077381
埔上站,26.934351,117.769564
埔前站,23.56583333,114.6147222
埭南站,31.18288889,118.4329917
堅尼地道站,22.2765,114.158
堡子湾站,40.3345,113.28007
塔前站,29.04638889,117.0963889
塔哈站,47.5499,124.2251
塔尔根站,52.24076111,124.7141333
塔尔气站,47.98419617,121.1899857
塔岗站,35.521025,114.108497
塔桥站,31.46916667,118.4172222
塔河站,52.33188,124.69066
塔源站,51.44971188,124.2812622
塔石嘴站,25.1276824,101.8523886
塔铺站,35.23166667,114.11
塘口站,21.32849261,110.3018867
塘坊站,34.18189,117.24369
塘堡站,25.04089,110.00842
塘头厦站,22.7972,114.097
塘子站,25.4355277,103.2571113
塘岗站,33.74811,92.15772
塘库站,25.6131,109.4841
塘沽南站,39.005765,117.670992
塘沽站,39.02666667,117.635
塘美站,23.148728,113.637368
塘豹站,26.20916667,109.6172222
塘雅站,29.16,119.796667
墙子路站,40.42059708,117.2205582
增城站,23.20727,113.79438
增城西站,23.25333,113.646011
墟沟站,34.7425,119.3813889
墨江站,23.43733111,101.7413381
墨江站,23.43705,101.73914
墨玉站,37.222336,79.730577
墩义堂站,31.331259,115.499848
壮志站,46.638279,124.842068
壶镇站,28.836803,120.230846
复盛站,29.65745833,106.7986528
夏坝站,29.07611111,106.5069444
夏官营站,35.953091,104.17682
夏家桥站,30.159588,120.331046
夏家河站,39.0233,121.4888
夏店站,36.50750833,112.9305806
夏拉哈马站,43.15796,112.404031
夏普吐勒站,43.165836,88.98416
夏格庄站,36.65108056,120.4412861
夏畈站,29.76475556,115.5458306
夏邑县站,34.4119,116.0246
外洋站,26.603236,117.992141
外跨塘站,31.341587,120.70422
大丰满站,43.73032,126.683675
大丰站,27.882526,113.149505
大丰西站,33.17063663,120.3032263
大余站,28.08024,115.57197
大关冲站,26.809798,106.727164
大关站,27.83625436,103.9774164
大兴机场站,39.51249219,116.4107117
大兴站,46.874657,123.743949
大冶北站,30.12472222,114.9955556
大冶站,30.09694674,114.9608472
大刘庄站,33.05166667,114.0375
大厂县站,39.95225,116.922
大厂站,39.88330556,116.9163889
大口屯站,39.6033,117.2582
大同东站,40.1114,113.354
大同南站,40.043252,113.358014
大同站,40.11888889,113.2963889
大土站,26.467926,106.824884
大坑口站,24.53638889,113.595
大坝站,38.024057,105.929938
大坡站,27.81868723,109.877045
大城子站,40.39273834,117.1102066
大埔站,24.412524,116.57298
大堰村站,29.50237,106.49526
大塔站,23.645698,103.291844
大塘埠站,25.23333333,114.91625
大孤山站,39.93395833,123.5806167
大安北站,45.514751,124.232486
大安站,45.480886,124.276826
大安西站,45.52928,124.148528
大宗坪站,27.3525413,109.0593187
大官亭站,38.34,115.7566667
大家洼站,37.12749,118.95757
大寨站,26.649584,106.699568
大屯站,43.77666,125.15568
大山村站,29.4157,106.5399
大山铺站,29.4178,104.84803
大岗站,28.17055556,116.1436111
大平房站,41.433968,120.163826
大平站 (中国),36.53531389,112.8547306
大庄站,23.58189,103.36201
大庆东站,46.5307,125.1161
大庆站,46.5964,125.006
大庆西站,46.65508333,124.8796389
大庙站,34.264001,117.365262
大弯镇站,30.85749776,104.2512365
大德站,25.2175521,102.2071349
大成站,41.82828611,123.3394861
大战场站,37.42271,105.54192
大托铺站,28.05805556,112.9552778
大扬气站,51.00352491,124.1922916
大新站,39.34716823,112.4865475
大方站,27.210875,105.592153
大旧庄站,25.1045233,101.8103101
大旺站,23.25652778,112.8072222
大明湖站,36.68096111,117.0235667
大智门火车站,30.5966,114.292
大朗站,23.24602778,113.2320639
大朗镇站,22.95704167,113.9437472
大杨树东站,49.70983641,124.6534413
大杨树站,49.74716,124.602648
大板站,43.524338,118.633084
大树塘站,22.86021,103.8791
大树湾站,40.492312,109.921635
大树里站,40.72886111,99.98472222
大桥站,43.3466931,128.3765218
大榄站,23.181972,113.022312
大榆树站,43.45960689,124.7345689
大槐站,22.08597,112.24049
大横站,26.781328,118.266596
大正路站,36.693745,117.324291
大武口站,39.02633611,106.3864278
大民屯站,47.25416667,123.9558333
大江站,46.820911,123.717195
大江站,29.38692,106.49723
大汶口站,35.95671762,117.0921806
大沙头站,23.1203,113.277
大沙田村站,27.16192392,109.7841057
大沙田站,24.4257,103.06094
大沙站,23.25105677,112.7646083
大河坝站,28.322294,106.840346
大河沿站,43.129346,88.795563
大河站,36.2075,117.043
大河驿站,37.83958333,102.6994444
大泉南站,41.29468889,95.14199722
大泉站,41.2898,95.1878
大洋洲站,27.89472198,115.460556
大洋站,29.42055974,119.4829457
大浦街站,26.99186389,112.7737806
大海哨站,25.48379,103.6737
大涧站,39.47833333,114.2966667
大深站,25.249796,117.601454
大渡口站,29.470127,106.491596
大渡口站,29.48449,106.47426
大港南站,32.134831,119.673207
大港站,36.084472,120.321028
大湖站,34.2474,117.28314
大湾子站,25.9991611,101.8214744
大源村站,27.558007,117.256584
大源站,23.250366,113.349858
大溪沟站,29.5661,106.561
大溪河站,25.09251,110.0552
大满庄站,38.110737,116.651865
大灰厂站,39.850315,116.121529
大灶火站,36.5951673,94.0436554
大理东站,25.5684252,100.3195008
大理洱海站,25.63168,100.284
大理站,25.5924853,100.2482137
大田山站,23.6187498,103.0653083
大田站,23.267743,113.198086
大田边站,25.22083266,104.7174137
大石东站,23.02158,113.31895
大石头南站,43.297925,128.4507972
大石头站,43.3029,128.495
大石寨站,46.310323,121.376734
大石桥站,40.643996,122.500703
大碶站,29.87969444,121.8062778
大福站,30.447316,113.572402
大禾山站,27.596255,117.156113
大程站,34.655,109.1644444
大端河站,24.70526,109.85624
大竹园站,32.562347,108.722685
大箕铺站,30.03833333,115.0183333
大箬站,26.28972222,118.8694444
大红旗站,41.871788,122.608086
大红门站,39.827557,116.374357
大羊场站,39.9781766,106.7617632
大良站,49.210165,119.600735
大花岭南站,30.38612173,114.2804604
大花岭站,30.414026,114.30171
大英东站,30.56999722,105.2772639
大苴站,25.33784,101.11001
大荔站,34.8344696,109.922402
大营子站,41.461594,120.317145
大营村站,24.9558128,102.9886696
大营镇站,37.31722222,115.73
大葛村站,37.67472222,115.7597222
大虎山站,41.611241,122.143109
大许家站,34.279393,117.552954
大足南站,29.42323889,105.7419528
大路底站,25.04543308,109.1772023
大路站,36.27736157,103.4235211
大辛庄站,36.2429251,113.0939772
大连东站,38.927379,121.620676
大连北站,39.01591103,121.6024607
大连站,38.92150067,121.6277022
大连西站,39.0091,121.5359
大连西站,38.92217,121.60374
大通西站,36.96596389,101.6718083
大邑站,30.56292,103.533151
大里堡站,40.728823,111.3798103
大陆号站,41.20527778,113.2773611
大陆站,47.29088889,130.28075
大降坪站,22.97194444,112.0294444
大龙哈站,21.37861306,101.63273
大龙村站,27.9879,109.7745
大龙站,27.289486,109.024685
天义站,41.592801,119.331228
天台山站,29.143494,120.974014
天回镇站,30.755273,104.089447
天堂围站,22.740759,114.107385
天堂堡站,29.46929,106.46833
天堂站,22.55521,112.0175
天峻站,37.191758,99.192358
天峻站,37.226881,99.020036
天府机场站,30.3136,104.4415694
天府站,30.394398,104.149352
天柱山站,30.65805,116.555462
天水南站,34.550354,105.852027
天水站,34.5671032,105.8949248
天河东站,23.12722222,113.4188889
天河机场站,30.77027778,114.215
天津临时客运站,39.11833333,117.2436111
天津北站,39.16464,117.20363
天津南站,39.0558,117.055
天津站,39.13472222,117.2030556
天津西站,39.15728889,117.15685
天湖站,41.6425,94.5024
天祝站,36.98014,103.13406
天西站,22.30555556,107.1758333
天谷四路站,34.224824,108.831478
天镇站,40.450729,114.06086
天门北站,30.86780556,113.3107222
天门南站,30.43068889,113.45025
天门站,30.69883889,113.2069
太仓南站,31.410855,121.148055
太仓港站,31.62722617,121.0519413
太仓站,31.513885,121.19225
太原东站,37.88461389,112.5801139
太原北站,37.928765,112.559191
太原南站,37.79138889,112.605
太原站,37.8599,112.582
太和东站,33.157889,115.722653
太和北站,33.224036,115.573185
太和站,30.125,103.8288889
太姥山站,27.3081,120.194
太子城站,40.911749,115.441515
太平川站,44.397213,123.178705
太平庄站,43.418116,121.858925
太平桥站,45.79246,126.681566
太平里站,25.48953056,113.0297194
太来庄站,35.17691,118.113835
太洪站,29.674012,106.894293
太湖南站,30.41138889,116.3586111
太湖站,30.462043,116.29492
太白站,28.39722222,106.8494444
太要站,34.50333333,110.3158333
太谷东站,37.453186,112.620375
太谷站,37.4217,112.563
太谷西站,37.448046,112.502676
太阳升站,45.937512,124.579913
太阳坪站,26.70740269,109.7187786
太阳村站,24.3669056,109.2663205
太阳沟站,51.32514258,124.3162412
头堡站,42.96416389,93.19068056
头泉站,38.052286,114.269033
头道桥站,40.5896324,107.1452882
头门港站,28.75483,121.65728
夹沟站,33.895437,117.048909
夹河寨站,34.29155556,117.0591944
夹浦站,31.09510684,119.9017992
奇峰塔站,39.489198,115.225098
奇槎站,23.09315575,113.1402284
奈曼站,42.83921,120.67224
奈林皋站,41.399988,120.06209
奉化站,29.63027778,121.4602778
奉节站,31.028479,109.369188
奎屯东站,44.37707118,85.01900477
奎屯站,44.402276,84.898137
奎屯西站,44.4233752,84.8082197
奔牛站,31.865726,119.808776
奥体中心站,34.228419,117.282379
女儿河站,41.064806,121.038512
如东站,32.44805,121.1727028
如皋南站,32.34671083,120.6241958
如皋站,32.385809,120.601761
妈湾站,22.49855556,113.8735833
始兴站,24.969,114.0706
姑家堡站,40.91792,112.61257
姚千户屯站,41.531861,123.618694
姚哥庄站,36.357433,119.831759
姚安站,25.36879,101.0625
姚官屯站,38.386626,116.894267
姚家洲站,27.644177,113.7582
姚家站,44.774731,125.870371
姚村站,35.665674,116.924423
姚渡站,32.805759,105.494319
姜堰站,32.536083,120.114276
姜家坡站,36.579851,120.319972
姜家站,46.008006,126.093215
姜桥站,32.876886,117.359276
威信站,27.823157,105.055854
威海北站,37.49498611,122.0430083
威海南海站,37.0151064,121.9099381
威海站,37.42561389,122.1378889
威舍站,25.280161,104.742753
娄山关南站,27.934311,106.925008
娄山关站,28.037028,106.896583
娄底东站,27.75916667,112.0427778
娄底南站,27.66584167,112.0090694
娄底站,27.74266667,112.0005556
娄烦站,38.07313889,111.8376111
娘子关站,37.96166667,113.8741667
婺源站,29.2419,117.872
嫩江站,49.17593646,125.2418283
子洲站,37.610674,109.94779
子长站,37.1530607,109.7478758
子陵站,31.126785,112.219924
孔垄站,29.88840833,115.9242333
孔家庄站,40.75930278,114.7281833
孔庄站,35.33138889,112.9581111
孙吴站,49.424226,127.316135
孙家埠站,30.894743,118.869915
孙家站,45.6936,126.6778
孙村站 (济南市),36.678417,117.30051
孙氏店站,35.45553611,116.7018667
孙镇站,34.97782222,109.7608556
孝子店站,31.71484,114.038
孝感东站,30.9333329,113.9475419
孝感北站,31.588216,114.216232
孝感站,30.9575,113.9238889
孝西站,37.138086,111.767604
孟塬站,34.55583333,110.1358333
孟家湾站,37.44745,104.93409
孟庄站,34.587,113.8368
孟庙站,33.62805556,114.0105556
孟津站,34.797323,112.593981
孤山口站,39.649461,115.843863
孤山站,40.224916,113.3245
孤店子站,43.98177,126.36299
学堂湾站,29.40095,106.53935
学士路站 (长沙市),28.063091,112.895615
学林路站,23.4086,116.62499
学院区南站,39.0778,117.694
宁东站,38.107706,106.650495
宁乡站,28.29295705,112.5756353
宁乡西站,28.29886,112.53086
宁化站,26.246649,116.728201
宁化站,26.246649,116.728201
宁国南站,30.61365474,118.9352412
宁国站,30.637649,118.987246
宁安站,44.35722222,129.4552778
宁家站,45.981416,122.164515
宁强南站,32.822914,106.284511
宁强站,33.06363,106.31753
宁德北站,26.729002,119.603869
宁德站,26.67277778,119.5794444
宁明东站,22.30888889,107.1997222
宁明站,22.16111111,107.0597222
宁武站,39.005481,112.313199
宁波东站,29.862363,121.53692
宁波北站,29.95194435,121.5216675
宁波站,29.86465556,121.53265
宁洱站,23.051145,101.062956
宁海站,29.3368,121.4200028
宁都站,26.402717,115.969908
宁陵县站,34.5755,115.3123
宇宙地站,43.54777778,117.8589722
安亭北站,31.31642,121.15386
安亭站,31.307227,121.173727
安亭西站,31.313657,121.150793
安仁站,26.77239418,113.2519989
安化站,28.037062,111.095497
安北站,40.79185,96.188124
安匠站,40.762119,117.722803
安口南站,35.199339,106.767842
安口窑站,35.235623,106.808649
安口站,25.03333333,113.4173417
安吉站,30.818318,119.605696
安国镇站,35.6507,106.51514
安图站,43.11335556,128.9025222
安图西站,43.11103611,128.8876889
安多站,32.25222,91.66583
安定站,39.6176,116.489
安家庄站,39.997242,115.954481
安家站,45.0502,127.0614
安富镇站,29.34303,105.44699
安居站,40.989051,112.378079
安州站,31.46520265,104.234142
安庆北站,30.566944,117.003193
安庆站,30.55147222,117.0601389
安庆西站,30.67472222,116.8591667
安康东站,32.72247523,109.076779
安康站,32.714709,109.012455
安德站,30.87666667,103.81
安次站,39.236093,116.690942
安江东站,27.343819,110.15745
安泽站,36.1825,112.2313889
安洛站,28.51941656,102.4947189
安济站,26.581475,118.283908
安溪站,25.060544,118.196331
安福寺站,30.513451,111.581814
安达站,46.40059,125.316006
安邑站,35.07343938,111.0334159
安阳东站,36.083927,114.448108
安阳站,36.1046,114.334208
安陆站,31.25884444,113.6896944
安陆西站,31.256994,113.647247
安靖站,30.74,104.0341667
安顺站,26.234166,105.939166
安顺西站,26.2342,105.9392
宋城路站,34.785,114.2842
宋埠站,31.08583333,114.7902778
宋町站,33.84209444,116.8630222
宋站,46.21972222,125.6347222
完县站,38.75194444,115.2247222
完工站,49.185317,118.889667
宏克力站,46.51517,129.85207
宏庆站,33.843363,106.4234078
官亭站,34.29388889,113.7661111
官厅西站,40.25224,115.578685
官塘驿站,29.77755897,114.0897644
官墩站,27.191058,117.594505
官家站,40.47547222,124.1770833
官庄站,37.19638889,114.5011944
官桥北站,22.98465,113.43929
官渡站,32.1556,108.04796
官窑南站,23.212822,113.072488
官窑站,23.2145047,113.0289925
官高站,40.225,116.3075
定兴站,39.27222222,115.7983333
定南南站,24.74584,115.02516
定南站,24.77777778,115
定州东站,38.50765556,115.0690444
定州站,38.52944444,114.9672222
定西北站,35.606095,104.585535
定西站,35.592672,104.622309
定边站,37.56138889,107.5730556
定远东站,32.57341944,117.838175
定远站,32.575278,117.842751
定陶站,35.06527778,115.5902778
宜兴北站,31.4172497,119.8319223
宜兴站,31.31451667,119.8088806
宜兴西站,31.34703,119.787333
宜君站,35.41078333,109.1299639
宜城站,31.71871389,112.1921333
宜宾东站,28.801598,104.742253
宜宾站,28.73140071,104.6307308
宜宾西站,28.726139,104.603649
宜州站,24.481663,108.623057
宜昌东站,30.66107778,111.3650194
宜昌北站,30.74841944,111.4693833
宜昌南站,30.678,111.22314
宜昌站,30.70416667,111.2933333
宜春站,27.791405,114.431476
宜春西站,27.788843,114.38382
宜沟站,35.80734722,114.3104722
宜耐站,24.843489,103.597451
宜良北站,24.98595994,103.188798
宜良站,24.91671,103.13377
宝丰站,33.856314,113.040663
宝华山站,32.1515556,119.0501611
宝坻北站,39.714034,117.329393
宝坻南站,39.506647,117.368417
宝坻站,39.6605,117.299
宝峰站,24.5941366,102.5833276
宝幢站,29.84113889,121.7155
宝应站,33.21731,119.383124
宝秀站,23.760461,102.4053521
宝老山站,26.8159846,108.0404297
宝莲寺站,36.00944444,114.3463889
宝鸡东站,34.370779,107.184401
宝鸡南站,34.335637,107.22786
宝鸡站,34.3742,107.148
宝龙山站,44.02919,122.734873
宣化北站,40.63123,115.042504
宣化站,40.5961,115.05
宣和站,37.47806,105.43774
宣城站,30.9475,118.774
宣威站,26.21097222,104.1170833
宣汉站,31.54463154,107.6541562
容县南站,22.814065,110.545761
容县站,22.8622,110.5271
容桂站,22.75399,113.30695
宽沟站,44.3931,131.0783
宽甸站,40.718074,124.776182
宾阳站,23.21666718,109.085556
宿州东站,33.6766,117.246
宿州南站,33.613467,117.006652
宿州站,33.64098417,116.9904611
宿松东站,30.15305556,116.1708333
宿松站,30.231711,116.098352
宿迁站,33.875413,118.276427
密云北站,40.39583333,116.8563889
密云站,40.350811,116.844702
密山站,45.54891944,131.8672167
密马龙站,25.1708722,102.0199502
富县东站,36.02095556,109.3924417
富县北站,36.0432,109.4084056
富县站,36.00921667,109.38455
富宁站,23.677227,105.581891
富川站,24.795,111.3568
富平南站,34.70792222,109.2059056
富平站,34.74459,109.16924
富庄子站,39.841975,117.930061
富强堡站,36.92441,103.14331
富拉尔基站,47.2087,123.6403
富文站,26.97198,117.742479
富海站,47.864691,124.857339
富源北站,25.716387,104.268482
富源站,25.6815989,104.2693325
富用站,25.88446667,109.5571778
富蕴站,46.93374,89.50326
富裕站,47.79482,124.45405
富锦站,47.234818,132.039086
富阳站,30.002637,119.987789
富阳西站,30.04830412,119.856469
富顺站,29.2124,105.03596
察尔汗站,36.79944444,95.29861111
察汗诺站,37.010092,98.829721
察素齐站,40.70388889,111.1194444
寧縣站,35.48427,107.94009
寨口站,40.039008,116.00953
寨西店站,38.46611111,114.8652778
寮步站,22.99203333,113.8463444
对青山站,45.929178,126.338686
对面泉站,48.73334167,125.03295
寿县站,32.594755,116.80042
寿昌站,29.358586,119.231796
寿阳站,37.88145278,113.1837722
封丘站,35.22555556,114.4005556
封浜站,31.25861111,121.2844444
射阳站,33.683474,120.013804
将乐站,26.69809722,117.4727056
将口站,27.451138,118.073953
小东站,42.029347,122.323265
小中甸站,27.56238,99.81346
小南垭站,29.26705,106.433386
小南川站,35.86037,94.346332
小南海站,29.359748,106.431404
小南站,43.94971389,125.3284722
小南门站,31.2192,121.494
小合隆站,44.030862,125.263248
小哨站,25.168891,102.991496
小唐庄站,40.3905,116.819391
小商桥站,33.70638889,113.9613889
小喜村站,24.9856967,102.7847378
小塘站,23.09165,112.97406
小塘西站,23.1059,112.95514
小寨站,33.12489,106.5291
小平房站,41.384346,119.735877
小康庄站,37.01111111,114.4906389
小得江站,25.03445758,104.5590409
小扬气站,50.79432162,124.279915
小新街站,25.3116635,103.2225645
小月旧站,25.5882434,101.8324504
小李庄站,34.655,113.7411111
小村站,25.4836183,101.846583
小桥站,36.63392,101.78563
小桥镇站,26.940612,118.313513
小榄站,22.65051111,113.2644861
小榆树站,47.86973093,124.4967918
小水峪站,40.452106,116.719329
小水铺站,26.2995028,112.8260239
小江站,25.02666389,114.9149528
小池口站,29.81227222,116.0087778
小河口站,24.32736,103.11154
小河镇站,33.1143302,109.1519779
小泉东站,41.1773,95.3674
小湾东站,24.7140021,100.1440483
小溪河站,32.857531,117.809269
小灶火站,36.767475,93.5830074
小红门站,39.831274,116.46565
小舟站,25.291164,117.707533
小营站,37.28097,118.08909
小西庄站,39.400883,114.623011
小路溪站,25.2534603,102.1701419
小金口站,23.15349167,114.4131583
小集站,25.174528,117.527309
小高站,27.357782,102.2685785
小鸡街站,26.0188497,104.0989693
小黑山站,49.43544863,125.0986641
小龙潭站,23.81212,103.19131
小龙门站,27.80916667,110.1702778
尔赛河站,28.403682,102.638909
尖山站,28.24055556,112.8822222
尖峰站,18.62315556,108.7492278
尚家站,46.125683,125.873317
尚志南站,45.1938285,127.9468262
尚志南站,45.19329,127.94708
尚志站,45.2063,127.9557
尤溪站,26.169927,118.136641
尧化门站,32.14472222,118.8836111
尹地站,25.6365318,101.8298862
尼勒克站,43.965349,82.046636
尼日站,29.204983,102.862251
尼波站,28.343901,102.626742
尾亚站,41.7875,94.3604
尾芽站,24.851968,105.601262
居庸关站,40.3,116.06
屏南站,26.90062,119.1226
屏山站,28.852234,104.358289
屏边站,23.01679845,103.6357324
履坦站,28.94960282,119.7888608
山东职业学院（云巴）站,36.674123,117.319613
山丹站,38.8125,101.0738889
山丹马场站,38.0940962,101.204098
山南站,29.24976,91.75593
山口站,42.131973,94.123875
山场屯站,43.545725,123.54233
山坡东站,30.088475,114.3543222
山坡站,30.10407749,114.3485278
山塘站 (云巴),28.101758,112.919562
山子背站,24.72615278,113.621525
山市站,44.576715,129.093933
山底岭站,21.670687,110.738485
山河屯站,44.712,127.2152
山海关站,39.99916667,119.7615278
山腰站,22.52500611,104.00946
山阳站,30.784208,121.363401
山阴南站,39.491865,112.832034
山阴站,39.46555556,112.9342778
山顶站,22.2711,114.15
岐山站,34.27532222,107.6081639
岑村站,23.15983,113.37684
岑溪东站,22.892613,111.0409
岑溪站,22.906119,110.94371
岔江站,25.06369655,104.650237
岔滩站,28.718107,106.764068
岔路口站,29.45151,106.55086
岗嘎站,29.32415,94.33757
岗秀站,31.56573,91.92003
岚山西站,35.18888,119.269851
岢岚站,38.71805278,111.5745417
岩寺站,29.838527,118.359623
岩泊渡站,29.365111,110.977116
岩龙站,24.47615,106.01965
岭北站,50.305907,121.754703
岭南站,50.208571,121.779427
岭头站,25.781542,117.477226
岭顶站,50.284432,121.793298
岱岳站,39.516652,112.818999
岳阳东站,29.368852,113.202273
岳阳北站,29.401068,113.153431
岳阳南站,29.14763889,113.1193056
岳阳站,29.379221,113.114079
岷县站,34.393177,104.067194
峡山站,36.522997,119.528017
峡江站,27.60166667,115.3311111
峡阳站,26.771523,118.000523
峨山站,24.19135135,102.3882504
峨桥站,31.173491,118.266793
峨眉山站,29.57853611,103.4645278
峨眉站,29.587207,103.520165
峨边南站,29.212054,103.260844
峨边站,29.260823,103.275234
峰高铺站,29.430321,105.668803
峻德站,47.19484,130.28323
崇仁站,27.7771871,116.0537362
崇信站,35.311292,106.892463
崇州站,30.612477,103.680398
崇左南站,22.35787222,107.3910306
崇左站,22.40638889,107.3540833
崇礼站,41.00585,115.31084
崖州站,18.37869167,109.1532222
崮山站,36.494421,116.860614
嵊州北站,29.78462,120.80677
嵊州新昌站,29.530036,120.815686
嵊州西站,29.43872778,120.5998778
嵩明站,25.242476,103.13556
嵯岗站,49.255053,118.090923
巍山站,25.2324,100.29316
川山坪站,28.604444,113.043056
巡检司站,23.9584232,103.1842321
巢北站,31.97207778,117.7992722
巢湖东站,31.62024722,117.9202917
巢湖站,31.614931,117.891034
巢湖西站,31.618014,117.853838
工贸站,29.535102,106.559691
左岭站,30.50257778,114.6052889
左权站,37.06833333,113.3952778
左港站,27.83111111,116.0969444
巨各庄站,40.365896,116.998058
巨野北站,35.4477,116.0686222
巨野站,35.37931944,116.0822306
巨鹿站,37.284326,115.197208
巩义东站,34.78777778,113.0530556
巩义南站,34.671667,112.910556
巩义站,34.7611,112.9755
巫山站,31.131755,109.914738
巴东站,31.161365,110.367325
巴中站,31.876228,106.761186
巴南站,29.39604056,106.7518294
巴图塔站,39.48292571,110.0775586
巴图营站,41.46842,120.72129
巴山站,32.25933,108.11259
巴彦淖尔站,40.73401,107.40436
巴彦高勒站,40.3329726,107.0215955
巴林站,48.31374914,122.3269168
巴楚站,39.8358,78.547375
布强格站,33.251958,91.863489
布海站,44.381052,125.622295
布玛德站,33.44437,91.93143
师宗站,24.82866294,104.0170453
师庄站,26.0953514,101.838261
带岭站,47.0209,129.0137
常山站,28.92583333,118.5558333
常州北站,31.856291,119.949996
常州站,31.78666667,119.9669444
常平东站,22.96508,114.03539
常平南站,22.97528056,113.9979444
常平站,22.98611111,114.0013889
常德站,29.074993,111.689624
常村站,36.433565,113.319301
常熟站,31.699187,120.776065
帽儿山西站,45.27779,127.47128
帽峰山站,23.3137,113.36497
干塘站,37.4548,104.5213
平义分站,40.28,116.52
平关站,25.6515675,104.3479105
平凉南站,35.48427,106.82292
平凉站,35.551,106.7035
平南南站,23.420037,110.427313
平南站,37.94138889,114.4991667
平原东站,37.215987,116.577606
平原站,37.16887,116.43406
平台站,45.71668889,122.6543889
平坊站,40.891911,117.241359
平坝南站,26.38761667,106.2534139
平型关站,39.325388,113.971862
平安站,44.5913,127.16813
平安站,29.491436,106.48108
平安驿站,36.50527778,102.1069444
平定站,37.79713611,113.6341944
平山站,45.32,127.3984
平岗站,42.97406,124.8699
平峪站,39.660734,115.532636
平川西站,36.75938,104.72709
平庄北站,42.038837,119.299716
平庄南站,41.977352,119.25104
平庄站,41.9881,119.289318
平度北站,37.001178,119.676955
平度站,36.807402,119.973163
平度西站,36.76166667,119.8794444
平房站,45.5835,126.6693
平旺站,40.0672,113.212
平昌站,31.554558,107.072087
平松站,37.271024,113.653088
平林村站,24.659269,105.913739
平果站,23.31775833,107.5611056
平桥站,32.123453,114.173023
平河口站,25.669461,103.928729
平泉北站,41.03706,118.705111
平泉站,40.99760833,118.6941611
平湖南站,22.670753,114.129559
平湖站,22.69472222,114.12
平潭站,25.54916667,119.7786111
平琴站,25.28531111,109.39635
平社站,38.276664,112.589527
平等站,29.101953,106.021489
平罗站,38.959866,106.46102
平谷站,40.1543808,117.1112061
平遥古城站,37.15444444,112.1434722
平遥站,37.20628,112.161684
平邑站,35.51694444,117.6380556
平阳站,27.62936,120.5405
平顶堡站,42.36319296,123.9146073
平顶山站,33.720561,113.297861
平顶山西站,33.818346,113.081139
平顶山西站,33.81828889,113.0801
年家岗站,32.612482,117.257119
幽兰站,24.61222,109.814014
广丰站,28.598299,118.131304
广元东站,32.438107,105.835868
广元南站,32.419643,105.794604
广元站,32.452681,105.817779
广兴站,29.051929,106.557088
广南卫站,24.9226907,102.8939699
广南县站,24.036854,105.049584
广宁寺站,39.17766111,121.8430889
广宁站,23.58736111,112.4208333
广安南站,30.454431,106.588743
广安站,30.496929,106.892596
广安门站,39.88420833,116.3442861
广州东站,23.15166667,113.3191667
广州北站,23.379641,113.199055
广州南站,22.99136111,113.2638889
广州南站,23.114185,113.228817
广州国际港,23.294355,113.178455
广州大学城站,23.04121,113.35832
广州新塘站,23.13697,113.6017
广州白云站,23.19407222,113.2413194
广州站,23.1515,113.2524139
广州莲花山站,23.00494,113.48688
广州西站,23.1409,113.239
广州长隆站,22.99301,113.32491
广平站,36.497045,114.934677
广德南站,30.857046,119.4128
广德号站,41.875722,117.930822
广德站,30.9118778,119.4092209
广武站,34.89653,113.54724
广水站,31.633807,114.031134
广水西站,31.62046,114.00624
广汉北站,31.01128611,104.2728806
广汉站,30.97814859,104.2602609
广通北站,25.16709016,101.7635708
广通站,25.158728,101.757187
广阳站,39.51317174,116.7058171
广顺场站,29.37561,105.5322
庄圩站,33.92611111,118.8619444
庄寨站,35.03383,115.18615
庄桥站,29.92874444,121.5321417
庄河北站,39.72653889,122.9313528
庄河西站,39.66207,122.85852
庄里站,34.82529,109.06543
庆丰站,44.604986,123.356254
庆元站,27.617325,118.956696
庆城站,36.0772814,107.7849501
庆安站,46.886,127.4967
庆阳站,35.69484722,107.6235417
庐山站,29.59861111,115.8763889
庐江站,31.34311111,117.1716694
庐江西站,31.2691,117.2132
库前站,28.895,117.0980556
库尔勒站,41.745665,86.19273
库车站,41.693344,83.013816
库都尔站,50.02628,121.62335
应县站,39.623961,113.056291
应县西站,39.623115,113.007106
应城站,30.92563889,113.5673611
底吾玛站,30.542156,91.377411
店上站,36.44325,113.0832556
店坡站,34.97458195,110.9176738
店塔站,38.984167,110.444348
庙台子站,45.830832,126.56934
庙坝站,29.640174,106.807535
庙城站,40.28766,116.616605
庙子沟站,30.295918,104.612202
庙宫站,41.7152,117.85781
庙山站,30.415275,114.3678639
庙庄站,35.43516,106.83779
府祝站,30.452588,118.923377
府谷站,39.05055556,111.0394444
康城站,36.65655972,114.2861928
康庄站,40.37751389,115.8905917
康桥东站,31.14905556,121.6106944
康熙岭站,21.930075,108.522252
康金井站,46.1963,126.817
廉江站,21.6150157,110.2968463
廊坊北站,39.577142,116.667027
廊坊站,39.5087,116.703
廊坊西站,39.548169,116.567596
延吉站,42.88388889,129.4897222
延吉西站,42.904,129.417
延安站,36.55722222,109.4755556
延平东站,26.62944444,118.2097222
延平站,26.59388889,118.2680556
延平西站,26.57055556,118.1086111
延庆北站,40.4747,115.992
延庆站,40.43472,115.97806
延津站,35.23055556,114.2661111
建三江站,47.244525,132.628756
建国营站,41.97355556,100.5642861
建始站,30.56940278,109.7234139
建宁县北站,26.91887222,116.8660417
建宁站,31.94944444,118.6880556
建安站,43.09463,125.07674
建德南站,29.43491667,119.2725556
建德站,29.575824,119.422802
建桥站,23.9327,116.1057
建桥站,29.45254,106.47079
建水站,23.661073,102.8710792
建河站,34.52388889,106.3458333
建湖站,33.507052,119.792038
建瓯东站,27.16898,118.88495
建瓯站,27.0269,118.289
建瓯西站,27.05138889,118.2747222
建西站,26.790353,117.945758
建阳站,27.357681,118.108973
廿里铺站,35.937981,106.277243
开化站,28.99416667,118.3572222
开原站,42.5442,124.0263
开原西站,42.54744,123.91211
开安站,44.16411788,125.1991272
开封北站,34.84055556,114.2561111
开封站,34.7716,114.3477
开平南站,22.322025,112.670677
开心岭站,34.089944,92.3321439
开江南站,30.91620278,107.7965472
开福寺站,28.2267862,112.9750719
开远南站,23.68305833,103.2832806
开远站,23.7154649,103.247142
开道站,44.93100201,128.8917482
开阳站,27.04510278,106.9696528
开鲁站,43.63076667,121.279225
弋阳站,28.41472222,117.4397222
引镇站,34.094088,109.096481
张八岭站,32.502545,118.210731
张兰站,37.134095,112.065968
张台子站,41.35232,123.267254
张夏站,36.452656,116.904628
张家口南站,40.702645,114.874282
张家口站,40.750675,114.8769694
张家口站,40.8139,114.889
张家堡站,40.394306,124.035111
张家山站,28.0811,115.497
张家川站,34.967004,106.338696
张家庄站,39.73361667,119.22705
张家港北站,31.889409,120.68866
张家港站,31.819488,120.67084
张家湾站,34.7444,111.1617
张家界北站,29.12174,110.54691
张家界站,29.1072,110.482
张家界西站,29.17086,110.45699
张家船站,35.32024167,109.5830111
张巷站,28.14638889,115.9283333
张庙站,31.33182367,121.4675829
张掖站,38.9743,100.52
张掖西站,38.92219444,100.428725
张桥站,34.77222222,109.3956944
张楼站,32.670664,116.81587
张槎站,23.01169,113.06241
张滩站,25.12916667,113.3197222
张百湾站,40.997638,117.474709
张茅站,34.720201,111.36442
张贵庄站,39.09635,117.32097
张辛站,40.01111111,116.6802778
张阁庄站,34.412799,115.756465
张集站,32.70631,116.51404
弥勒站,24.337462,103.409216
弥渡站,25.49908099,100.4245067
弯坵站,27.085989,102.195584
弯道站,48.95036585,125.2468216
弹音站,36.619401,113.623104
归德乡站,29.8455,104.75777
归流河站,46.197508,121.729639
当涂东站,31.56341944,118.5216611
当涂站,31.56,118.4758333
当阳站,30.84992,111.806528
当雄站,30.474409,91.104748
彝良南站,27.51037,103.91377
彝良站,27.5088,103.92043
彬州东站,35.03622778,108.1201833
彬州站,35.046259,108.099624
彬江站,27.782508,114.552748
彭县站,30.971951,103.928175
彭城站,36.432976,114.173973
彭家庄（云巴）站,36.708571,117.224459
彭家湾站,32.24297638,114.0754872
彭山北站,30.20999167,103.8598806
彭山站,30.195,103.8572222
彭州南站,30.94332222,103.9383361
彭州站,30.98090833,103.9232111
彭水站,29.364723,108.233467
彭泽站,29.8688,116.5384
彰武站,42.384628,122.523164
徐塘庄站,34.427141,118.495511
徐墩站,27.153746,118.228535
徐家咀站,30.58861111,111.5972222
徐家店站,37.08043611,120.992475
徐家渡站,24.6247851,103.0358852
徐家站,45.9095,126.644
徐屯站,26.34111111,104.2052778
徐州东站,34.2675,117.305
徐州北站,34.302346,117.215509
徐州站,34.2672,117.201
徐州西站,34.27795,117.184836
徐楼站,33.835878,116.749861
徐水站,39.03277778,115.6391667
徐闻站,20.348543,110.141471
徐马站,36.693625,117.329151
得胜台站,42.23446579,123.7505402
得莫利站,45.87556,129.02582
徘徊北站,36.61842222,114.0361694
御道站,30.276346,120.231735
循礼门火车站,30.5847,114.286
微子镇站,36.32481667,113.2870028
德仁站,48.30221168,119.5939072
德令哈站,37.3147944,97.3829985
德伯斯站,46.492306,121.357205
德保站,23.3482,106.6245
德兴东站,29.119081,117.953637
德兴站,28.96027778,117.8555556
德安站,29.31166667,115.7616667
德州东站,37.410886,116.454928
德州站,37.448623,116.282339
德惠站,44.531773,125.710782
德惠西站,44.54353,125.66938
德昌站,27.3990211,102.185443
德昌西站,27.4001656,102.1646869
德清站,30.54705833,120.0566222
德清西站,30.5381,119.953
德阳站,31.16805278,104.3864889
忠义站,35.09116111,113.6565528
忻口站,38.60993797,112.7406495
忻州站,38.4194,112.741
忻州西站,38.44235278,112.6860056
怀仁东站,39.79206389,113.1567333
怀仁站,39.82680278,113.0875444
怀化东站,27.574215,110.045776
怀化南站,27.51527778,109.9886111
怀化站,27.56083298,109.9633331
怀化西站,27.512781,109.941835
怀宁站,30.764697,116.814548
怀安站,40.684626,114.393649
怀来站,40.376689,115.558223
怀柔北站,40.407908,116.687145
怀柔南站,40.27716,116.698821
怀柔站,40.31591667,116.6430556
怀集站,23.89555556,112.1530556
思濛站,29.943704,103.703019
思甜站,41.9449,94.2606
思蒙站,27.8406,110.5129306
恒业大道站,34.1576476,108.8256211
恒地营站,48.55963515,124.9556963
恩平站,22.187731,112.391412
恩施站,30.35125,109.47986
恭城站,24.83361111,110.8655556
息县站,32.17477038,114.8271979
息烽站,27.082038,106.743767
悬钟站,36.659975,113.571273
惠东南站,22.8475,114.79
惠东站,22.93555,114.73708
惠农南站,39.208125,106.7026583
惠农站,39.2619789,106.7276012
惠刘站,34.709662,109.301745
惠安南站,24.99944444,118.7891667
惠安堡站,37.47823333,106.6722583
惠安站,25.06055556,118.7094444
惠山站,31.67159722,120.1964028
惠州北站,23.184534,114.375457
惠州南站,22.99999,114.45343
惠州站,23.153508,114.411404
惠州西站,23.0924,114.3627
惠来站,22.99667,116.28283
惠环站,23.03265,114.3609583
惠阳站,22.7872,114.488
感德站,25.301258,117.845789
慈义站,29.13861111,117.0908333
慈城站,29.978051,121.444025
慈湖站,31.73861111,118.51
戈姑站,23.25301,103.63351
成吉思汗站,47.7466,122.8334
成渝高铁站,29.506934,106.218382
成都东站,30.6311,104.139
成都北站,30.763602,104.230793
成都南站,30.60899167,104.0660694
成都站,30.69916667,104.0708333
成都西站,30.687858,103.976728
成都龙泉驿站,30.59731111,104.1931028
成高子站,45.6976,126.8304
戚墅堰站,31.72472222,120.0627778
戴集站,32.397007,117.186583
户县站,34.11371,108.61469
房山东站,39.76473,116.17041
房山站,39.70638889,115.9866667
才湾站,25.93928,110.95487
扎兰屯站,48.015278,122.73753
扎加藏布站,32.7034,91.5066
扎囊站,29.26368,91.3389
扎赉诺尔站,49.441723,117.761323
扎赉诺尔西站,49.470305,117.68704
扎鲁特站,44.649212,121.234196
扒挪块站,26.629256,104.494386
打兔寨站,23.78261111,103.2261806
打拉亥站,40.62016283,109.6675433
打柴沟站,37.08982,102.99689
打虎坑站,25.806385,117.443535
托克逊站,43.045746,88.264251
托居站,32.3987,91.6169
托托站,44.54451845,83.5543883
扫石站,37.93833333,112.3013889
扬州东站,32.40708,119.522674
扬州北站,32.44666667,119.4591667
扬州站,32.3919,119.345
扶余北站,45.006033,125.997877
扶余站,44.985099,126.018847
扶沟南站,33.99743,114.381305
承安铺站,38.4038887,114.7913895
承德南站,40.883037,117.958632
承德县北站,40.934491,118.284366
承德站,40.96361111,117.9480556
抚宁站,39.89305556,119.2433333
抚州东站,28.264257,116.611808
抚州北站,28.0053,116.291
抚州站,27.9218,116.349
抚远站,48.34333333,134.3938889
抚顺站,41.886312,123.912234
担子站,32.258133,118.366644
拉古站,44.5635,129.4939
拉哈站,48.2052286,124.6309897
拉市海站,26.88442,100.16726
拉林站,45.2281,126.8901
拉法站,43.83022222,127.3350556
拉白站,28.576633,102.634354
拉萨站,29.625,91.06861111
拉萨西站,29.64389,90.96667
拉里黑站,24.01512,103.13649
拉鲊站,26.37573,101.927385
拐河北站,33.55947,113.005645
拓石站,34.498169,106.526412
拖拉海站,36.4972994,94.3511599
拖船埠站,28.1522,115.666
招柏站,39.403443,114.40289
招远站,37.459664,120.276861
拿口站,27.135516,117.647978
捞刀河站,28.30805588,112.9708328
捷地站,38.239045,116.843339
掌起站,30.12712222,121.4628861
排塘站,29.30299536,119.2793175
排楼站,27.33370154,109.9240895
插花站,33.017113,115.950547
揭阳南站,23.572884,116.365123
揭阳机场站,23.54758,116.51226
揭阳站,23.6111,116.3316
揽军屯站,41.762363,123.355508
撮镇站,31.824824,117.465316
攀枝花南站,26.4707028,101.7459778
攀枝花站,26.54694444,101.8497222
支提山站,26.82435,119.45926
攸县南站,26.8463324,113.3361153
攸县站,27.014499,113.348859
政和站,27.33009,118.84611
故县站,34.534707,110.553099
敖力布告站,44.243143,123.01956
敖头站,44.531276,129.260556
敖汉站,42.637634,119.995298
敦化站,43.37783333,128.2400639
敦煌站,40.1678,94.7835
文佃站,24.76489,105.73538
文化聚落站,22.7129012,114.3406323
文安站,38.88361111,116.3283333
文官屯站,41.879909,123.470816
文庄村站,35.30833333,114.8630556
文昌站,19.607778,110.7325
文水站,37.438473,112.071492
文登东站,37.24017778,122.2539667
文登南站,37.0816467,122.0904334
文登站,37.178644,121.985774
斜桥站,30.490722,120.57075
斜桥站,30.4903,120.61299
斜河涧站,39.971565,116.058967
新下陆站,30.18559739,114.9400623
新丰镇Ⅷ场,34.47583333,109.3511111
新丰镇站,34.42638889,109.2522222
新乐站,38.34444427,114.6888886
新九站站,43.95296,126.45634
新乡东站,35.314487,113.973172
新乡北站,35.39159167,113.9157778
新乡南站,35.042538,113.852588
新乡站,35.30608611,113.8592722
新会站,22.5206,113.066
新余北站,27.91543333,114.8910417
新余站,27.813024,114.93464
新保安站,40.4386,115.425
新兰州西站,36.0675,103.749167
新兴南站,22.64416,112.2332
新兴县站,22.73977,112.2244
新凉站,28.243322,102.524595
新凤凰站,28.04891886,109.7292137
新化南站,27.65813333,111.1551583
新化站,27.731218,111.29777
新华屯站,46.14606944,124.6254611
新华站,47.10905,130.29027
新县站,31.64472222,114.8838889
新友谊站,46.76413611,131.8071056
新台子站,42.12770824,123.6066132
新和站,41.573897,82.617321
新哨站,25.37894,100.85813
新固镇站,36.63553056,113.9778222
新场站,28.294778,106.838361
新场街站,33.742995,108.335236
新坡站,36.471151,114.296987
新城子站,42.05161155,123.5075421
新塘南站,23.13388889,113.5986111
新塘边站,28.638952,118.478652
新墩站,30.61963056,114.1914083
新天站,51.21074567,124.2065627
新安县站,34.7193,112.148
新安圩站,21.65673,110.41605
新安店站,32.62083333,114.0369444
新安村站,38.22611111,114.6175
新安江南站,29.387641,119.246746
新安江站,29.46437222,119.2582833
新安站,24.76326,104.10654
新安镇站,29.666537,111.485262
新宾站,41.71447008,125.0703786
新屋站,23.068217,114.318132
新屯站,47.861214,125.080735
新山村站,29.4746,106.4723
新市区站,36.425657,114.209925
新帐房站,50.14071,121.81314
新干东站,27.746644,115.42215
新干站,27.73555556,115.3916667
新店站 (湖北省),30.519902,114.592056
新建河站,34.521911,106.342546
新开铺站,28.14472222,112.975
新彦站,49.10465404,125.2479369
新拓石站,34.500084,106.516964
新昌北站,29.53944444,120.9794444
新晃站,27.35175,109.191984
新晃西站,27.37944444,109.1291667
新李站,35.60344,106.59044
新杖子站,40.77337,117.8748
新松浦站,45.8387,126.6607
新林站,51.67898162,124.4046949
新桥站,31.060999,121.319316
新桥线路所,30.54861111,105.45
新桥镇站,22.954222,112.403247
新槐站,31.06665393,119.6938075
新民北站,42.0222,122.799942
新民站,41.999963,122.81211
新江站,26.161626,101.835336
新沂南站,34.329766,118.325979
新沂站,34.3819,118.3432
新沂西站,34.380682,118.295597
新沟站,30.68545,113.96818
新河站,37.49468112,115.3118446
新河站,34.25166667,117.0391667
新津南站,30.35140833,103.8537389
新津站,30.46801944,103.8682278
新洲站,30.88055556,114.9044444
新海站,25.6137868,103.8749767
新港北站,39.065385,117.749164
新白马站,29.429137,107.532592
新祺周站,28.9475,115.8241667
新窑站,26.23283284,105.3767585
新立屯站,42.017975,112.1711389
新站站,43.893,127.3394444
新绛站,35.6100204,111.2105005
新绰源站,48.33397778,121.3522361
新肇站,45.708327,124.406509
新胜利站,28.13444444,110.835
新街站,39.276329,109.835336
新通化站,41.7229972,125.9456515
新邱站,42.08701,121.79171
新郑东站,34.37526433,113.7841288
新郑机场站,34.52694444,113.8475
新郑站,34.38361111,113.76875
新都东站,30.80182778,104.1921222
新都站,30.833959,104.141786
新铁村站,28.311687,102.240259
新闸镇站,31.826173,119.883468
新集站,33.025114,106.799197
新霞流市站,27.067222,112.827778
新香坊北站,45.7265,126.8929
新香坊站,45.709924,126.760541
新马桥站,33.18111111,117.3477778
新高峰站,49.06710815,125.2745456
新龙华站,31.15888889,121.4313889
新龙站,23.31548,113.57038
方城站,33.240464,112.943954
方正站,45.86568611,128.8000833
施家嘴站,24.9531,102.98911
施秉站,26.920287,108.12977
旅顺站,38.80684,121.24728
旅顺西站,38.822845,121.141271
旌德站,30.294649,118.524029
旗下营站,40.974729,112.146142
无为站,31.01555556,118.0158333
无锡东站,31.6003,120.454
无锡北站,31.635163,120.243652
无锡南站,31.548779,120.336041
无锡新区站,31.49930278,120.38715
无锡站,31.5892,120.301
无锡西站,31.61472222,120.1677778
日喀则站,29.22333333,88.91194444
日喀则西站,29.215999,88.875374
日月峡站,47.20757222,128.3502028
日照站,35.40561306,119.5255517
日照西站,35.390349,119.413226
日照西站,35.4093,119.4826
日阿尺曲站,34.4968,92.72618
旧堡站,41.073486,122.952666
旧庄窝东站,40.166656,115.646962
旬阳北站,32.84204167,109.2929611
旬阳站,32.83793611,109.348125
时代广场站,34.16817,108.86228
旺苍站,32.228327,106.267246
昂乃站,42.98941,120.76009
昂嘎站,29.987556,90.669313
昂昂溪站,47.159865,123.807858
昆山南站,31.355,120.9463889
昆山站,31.36805556,120.9533333
昆明东站,25.02027778,102.7591667
昆明北站,25.06,102.7194444
昆明南站,24.87312,102.860235
昆明站,25.0175,102.7208333
昆明西站,25.0294633,102.6466363
昆都仑召站,40.70217,109.789734
昆阳站,24.666133,102.607528
昌乐站,36.71126111,118.8332722
昌吉站,43.94643192,87.19105013
昌图站,42.7776,124.1183
昌图西站,42.7757,124.06004
昌寨站,34.565908,109.35392
昌平北站,40.22999954,116.226944
昌平站,40.18884722,116.1873139
昌邑北站,36.967293,119.383967
昌邑站,36.79469,119.457507
昌黎站,39.70277778,119.1625
明光站,32.771876,117.98335
明光西站,32.83051667,117.9287444
明港东站,32.48877778,114.0588056
明港站,32.46666667,114.0438889
明珠站,22.27145,113.51022
易坑站,25.270485,117.498423
易家湾站,27.96363056,113.0213694
昔阳站,37.62638889,113.6708333
星桥站,30.41916667,120.2430556
春亭阁站,49.78918487,124.4854644
春博路（云巴）站,36.669627,117.301433
春园路站,36.684315,117.331839
春湾站,22.46076,111.94373
春申站,31.079173,121.354459
昭山站,27.92410556,113.0219778
昭通东站,27.344334,103.786511
昭通站,27.388607,103.789457
昭陵站,27.543756,113.161126
晁峪站,34.3964,106.943355
晋中站,37.68565278,112.63575
晋城东站,35.53397,112.979251
晋城北站,35.50987,112.89804
晋城站,35.47533,112.86744
晋宁东站,24.72676389,102.7767194
晋江站,24.7975,118.4538889
晏城站,36.803325,116.752615
晒口站,27.301363,117.563556
晨明站,46.9731,129.4819
普兰店站,39.4007,121.9548
普兴站,30.3825944,103.9125
普宁站,23.2735,116.209
普安县站,25.806357,104.868661
普安站,30.38931944,114.3488611
普文站,22.511055,100.93947
普洱渡站,28.25699,104.2013
普洱站,22.77839389,100.94044
普济站,32.237944,106.459669
普者黑站,23.971275,104.17725
普达站,26.51173,101.72001
普连集站,34.92611111,115.5827778
普通站,36.756642,118.417486
普雄站,28.51972222,102.6486111
景山路站,29.608545,106.214865
景州站,37.645306,116.132696
景德镇北站,29.341598,117.237573
景德镇南站,29.25527778,117.1733333
景德镇站,29.2847,117.222
景泰站,37.19437778,104.0537361
暖泉站,38.73948,106.269724
暮云市站,27.98905556,112.9961639
暮云站,27.990457,113.006653
曲水县站,29.3532,90.69511
曲江站,23.963268,102.844267
曲阜东站,35.556547,117.06306
曲阜南站,35.51041,117.01759
曲阜站,35.58278,117.02444
曲靖北站,25.592541,103.781083
曲靖站,25.52931093,103.7902792
更村站,24.481422,109.141383
曹东庄站,39.92027778,119.1480556
曹县站,34.82694389,115.5763864
曹妃甸站,39.21718889,118.5845222
曹家营子站,42.335836,118.77129
曹庄站,39.15055556,117.0644444
曹村站,34.00838108,117.115536
曹老集站,33.0553,117.366
曼么站,21.83179306,101.0737711
曼勒站,21.57935389,101.4405119
曼滩站,28.86377127,102.634769
曼飞龙站,21.89514694,100.8338069
曾家坪子站,27.767527,104.020754
月华站,28.137014,102.178672
月华西站,28.13299364,102.1526495
月城站,31.808945,120.249696
月山站,35.210483,113.048756
月牙湖站,52.98938609,121.9489598
朋普站,23.9772685,103.3413371
朔州东站,39.302615,112.591714
朔州站,39.3153,112.442
朗乡站,46.95683889,128.8713167
朗县站,29.04777,93.04023
望京站,40.02138901,116.4708328
望亭站,31.435156,120.454187
望城站,28.303659,112.899994
望城西站,28.31662,112.801515
望峰岗站,32.6071006,116.9099157
望昆站,35.714813,94.112864
望牛墩站,23.03920278,113.6228722
望都站,38.70722222,115.1577778
朝中站,50.915032,121.365435
朝亮站,23.29279,113.345922
朝天南站,32.640214,105.875064
朝天站,32.7071,106.0688
朝脑沟站,40.017377,109.912886
朝阳南站,41.577298,120.436043
朝阳地站,42.02443225,118.2269864
朝阳川站,42.87305556,129.3625
朝阳村站,50.02401239,124.3214592
朝阳湖站,30.16944167,103.4434722
木兰站,34.13708333,115.7633333
木古站,22.67212,114.129
木头营子站,42.642097,120.14562
木林站,40.24583817,116.789238
木竹河站,28.638325,106.865044
木里图站,43.47002,122.211744
本溪新城站,41.47985833,123.6715722
本溪湖站,41.327472,123.767556
本溪站,41.29329,123.7523
朱亭站,27.388519,113.0526
朱保站,35.12444722,118.1788639
朱保站,35.1281,118.17996
朱各庄站,39.74381944,118.8036111
朱圉乡站,34.753905,105.220257
朱家埠站,29.47519444,119.2254722
朱家窑站,36.496598,103.996271
朱巷站,32.323385,117.211197
朱店站,30.53305556,115.1219444
朱日和站,42.39564,112.892445
朱朝市站,23.505,113.0941667
朱杨溪站,29.064552,105.94753
朱砂古镇站,27.519804,109.133274
杀虎刘站,37.46885,118.05974
李冰广场站,30.98764677,103.6310346
李子坝站,29.55555,106.53382
李子沟站,26.97424,104.04672
李家坪站,35.661,104.3246
李家塘站,31.11348,121.356259
李家寨站,31.8975,114.0938889
李家湾站,27.85638889,106.9886111
李屯站,34.5782569,112.4087922
李市镇站,29.3159,105.39343
李庄站,34.392412,116.486491
李庄铺站,33.44871111,114.0304167
李新店站,32.53805556,114.0419444
李朗站,22.63944444,114.1330556
李楼站,32.881847,117.478141
李玉站,40.710962,107.355298
李石寨站,41.81499413,123.7215224
李窑站,38.527882,116.864092
李营站,39.77642222,116.3140361
李郢孜站,32.583757,116.888454
杏林站,24.571,118.062
杏树屯站,39.26296944,122.1507333
杏花营站,34.7756884,114.2607285
杜坞站,26.12111111,119.235
杜家站,44.8163,127.192
杜尔伯特站,46.869114,124.440861
杜拉尔站,47.36584544,119.6334215
杜桥站,28.7799,121.4641
来凤站,29.520824,109.353903
来宾北站,23.75416667,109.2405556
来宾站,23.73277778,109.2369444
来舟站,26.629113,117.981202
杨各庄站,39.80493056,118.5974667
杨墩站,27.237213,118.178367
杨家口站,39.69138889,118.1288889
杨家寨站,31.5134,113.99714
杨家岭站,29.11305618,115.7913895
杨家河站,34.6225111,105.8281013
杨家湾站,34.28527778,107.0483333
杨寨站,31.4744,113.98017
杨市站,27.62416667,111.8155556
杨庄站,34.78888889,114.8991667
杨庙站,36.69111111,115.8147222
杨方凹站,25.0168913,102.7811658
杨木山站,49.5651772,124.8871396
杨村站,39.35333333,117.0583333
杨村镇站,23.40388889,114.4594444
杨林站,25.2355561,103.0830317
杨柳青站,39.141408,116.996061
杨桥站,27.17192,112.002941
杨楼站,34.331678,116.849324
杨浦站,31.295832,121.543742
杨漩站,29.305345,103.399033
杨陵南站,34.256,108.0483861
杨陵站,34.2703,108.0739
杨集站,34.415324,116.192585
杭州东站,30.2932929,120.2083755
杭州北站,30.341124,120.16244
杭州南站,30.17444444,120.29
杭州站,30.246,120.1784
杭州西站,30.300484,119.981721
杭锦旗站,40.2697474,107.0356288
東升站,22.60726389,113.2792889
松北站,45.807144,126.606384
松原站,45.107165,124.81104
松坎站,28.556951,106.86934
松坝站,27.91916667,106.9538889
松山湖北站,22.9611685,113.8920806
松川站,25.85647,110.80731
松村站,23.73900989,102.4473629
松林店站,39.41259722,115.9236389
松林站,25.6790728,103.8426199
松树林站,50.52736516,124.2353909
松桃站,28.080156,108.968767
松江北站,31.00182,121.22363
松江镇站,42.55917629,128.3083986
松溪站,27.53678,118.8234
松滋西站,30.17527778,111.6013889
松潘站,32.60053374,103.6037537
松阳站,28.449772,119.418239
板其站,24.828605,105.674513
板塘站,27.85809722,112.9517556
板桃站,24.53072,105.96249
板桥站,32.87541667,117.7373056
构林站,32.49519444,112.0792028
林口南站,45.211285,130.290584
林口站,45.29055556,130.2622222
林场站,32.16244,118.6752
林家台站,40.716556,123.953444
林家村站,34.381888,107.050709
林寨站,24.31,115.0588889
林海站,51.57728611,124.349925
林盛堡站,41.576865,123.357379
林芝站,29.52939167,94.43726111
林西站,43.592776,118.081408
枝城站,30.273948,111.504064
枝江北站,30.47955499,111.7665338
枝江站,30.4583,111.572
枣子林站,26.7454315,101.9414577
枣庄东站,34.86768889,117.5430944
枣庄站,34.780764,117.305943
枣庄西站,34.794085,117.248698
枣强站,37.50388889,115.7330556
枣阳站,32.07207,112.755916
枫山站,28.88361111,119.9261111
枫岭头站,28.462404,117.849014
枫林站,27.70774722,111.3207361
枫林站,29.75282,115.403823
枫泾站,30.894262,121.025101
柏庄站,36.19138889,114.3316667
柏村站,29.259648,103.183308
柏林站,29.16805556,105.9444444
柘皋站,31.74833333,117.725
柞水站,33.640294,109.141091
查干特格站,43.375343,112.235513
查干诺尔站,43.275845,112.906054
柯周坑站,25.729754,117.50794
柯坦站,31.241693,117.134321
柯坪站,40.517224,79.3304
柯柯站,36.98410834,98.25578009
柯桥站,30.056859,120.491843
柳园南站,41.10027778,95.47083333
柳园站,41.10527778,95.50555556
柳城站,24.51469,108.96297
柳家台站,37.37157051,102.9268762
柳家庄站,37.51684,105.3908
柳州北站,24.331896,109.403498
柳州南站,24.28166667,109.3627778
柳州站,24.31,109.384
柳州西站,24.35013257,109.3658672
柳庄站,35.691676,116.968428
柳村北站,39.98317901,119.6678238
柳村南站,39.98252486,119.6713343
柳林南站,37.442869,110.926846
柳林河站,37.97666667,112.3463889
柳林站,31.9540405,114.098325
柳枝站,34.52805556,109.8922222
柳树泉南站,42.99789,92.941376
柳毛站,45.233225,130.775011
柳江站,24.264978,109.311895
柳沟南站,40.643887,96.418249
柳沟站,40.6773,96.437
柳辛庄站,38.1,114.5036111
柴村站,35.73755,115.21371
柴沟堡站,40.67027778,114.4086111
柴窝堡站,43.50405833,87.97851389
柴西站,43.54855833,87.89482222
树园站,34.49583333,109.6016667
树屏站,36.37147,103.59204
树木岭站,28.158392,113.013903
树林站,47.843239,124.632736
栖凤渡站,25.99749722,113.0133028
栖霞山北站,32.162688,118.951089
栗木站,30.07944444,115.5002778
栟茶站,32.500775,120.8765139
株洲北站,27.88527778,113.1138889
株洲南站,27.768782,113.168221
株洲站,27.83833333,113.1511111
株洲西站,27.793665,113.062669
根河站,50.77527778,121.5027778
根龙站,24.62598,105.93666
格以头站,25.963,104.105617
格口站,25.282581,117.655003
格尔木东站,36.41888889,94.92361111
格尔木南站,36.3544,94.902
格尔木站,36.382778,94.905833
格尔木西站,36.3577641,94.7745391
格里坪站,26.59706,101.5515
栽秧箐站,25.52155,100.48929
桂口站,25.893659,117.380145
桂平站,23.318616,110.111968
桂林东站,25.229595,110.344614
桂林北站,25.3294,110.301
桂林站,25.26361111,110.2780556
桂林西站,25.35722222,110.2622222
桃下站,34.52416667,109.9991667
桃司兔站,40.1323833,106.8816244
桃园村站,41.7673536,125.9986725
桃园站,41.100471,121.080106
桃城站,36.63569944,113.5659917
桃山站,46.9228,128.1735
桃村北站,37.21102222,121.1410944
桃村站,37.188125,121.1367222
桃林站,28.94484915,113.1013958
桃浦站,31.299645,121.386205
桃源站,28.907994,111.395501
桃花店站,31.898553,117.25579
桐九公路站,30.48605,120.58318
桐乡站,30.539167,120.563611
桐城东站,31.02661,117.03435
桐城南站,30.87394,116.96002
桐城站,31.052898,116.973517
桐子林站,26.7097884,101.8550838
桐庐东站,29.85729,119.75968
桐庐站,29.791395,119.727724
桐柏站,32.39217222,113.4300333
桐梓东站,28.118475,106.832751
桐梓北站,28.388898,106.82692
桐梓站,28.133925,106.828032
桐源站,28.0794374,116.2296813
桐溪公园站,28.079045,112.895905
桑园子站,36.055074,103.975168
桑日站,29.26236,92.02991
桑根达来站,42.67888889,115.9433333
桑植站,29.358318,110.091428
桑雄站,31.0261928,91.673529
桓台站,36.94668056,118.1179972
桥上村站,29.313277,117.740841
桥北站,41.210306,123.730083
桥南站,36.700627,116.830066
桥头站,41.193278,123.729917
桥头集站,31.755743,117.548453
桥头驿站,28.39950278,112.9338917
桦南东站,46.213723,130.613496
桦林东站,44.697453,129.737505
桦皮厂站,43.99464,126.22523
梁堤头站,34.63416667,115.5966667
梁家渡站,28.4044,115.997
梁山站,35.81861111,115.9311111
梁平南站,30.64413333,107.7654694
梁平站,30.717587,107.81234
梁底下站,41.106782,117.61926
梅家坪站,34.873213,109.001751
梅家庄站,38.756767,112.668173
梅州站,24.26138889,116.1263889
梅州西站,24.253438,116.043129
梅村站,24.97824167,113.4646889
梅林站,28.277743,115.655019
梅水坑站,25.238654,117.525736
梅江站,28.28704444,109.0487694
梅河口站,42.53502778,125.684
梅花山站,26.699527,104.670091
梅道站,22.2734,114.156
梅陇站,31.14102778,121.4073056
梧州南站,23.396055,111.217343
梧州站,23.48972,111.23492
梨树镇站,45.080447,130.680007
梨樹灣站,29.553078,106.433391
梭罗河站,21.79600111,101.1992739
检测园站,34.18425,117.23352
棋子湾站,19.33897778,108.8044167
棋梓桥站,27.73333333,112.1955556
棋盘站,43.96772,126.54724
棠下站,22.699139,113.044875
棠海站,25.2061787,102.0968934
棠溪站,23.17023056,113.2401611
植物公园站,28.071287,112.893877
椑木镇站,29.506755,105.09429
楚玛尔河站,35.3711,93.48857
楚雄南站,25.05370194,101.5432089
楚雄站,25.08527778,101.5427778
楚雄西站,25.07823183,101.4914721
楚鲁图站,42.84416667,112.5961111
楠姆庙站,30.63055556,114.4180556
楠溪江站,28.32248772,120.7788317
榆中站,35.851665,104.168886
榆关站,39.89222222,119.3438889
榆林站,38.271939,109.71455
榆树台站,41.715222,123.417578
榆树屯站,47.15333333,123.8880556
榆树川站,42.981832,129.077708
榆树站,44.814934,126.5288086
榆次站,37.6958,112.725
榆社站,37.05119,112.963066
榆社西站,37.11468778,112.7888106
榕江站,25.99138889,108.5516667
樊家圐圙站,40.49205556,112.9868611
樟岭站,52.69213611,123.6344389
樟木头东站,22.96073,114.10006
樟木头站,22.9016,114.068
樟林站,26.08472222,119.3611111
樟树东站,27.96685833,115.5956167
樟树站,28.0802,115.572
樟湖板站,26.413171,118.496166
横山站,25.1805,110.1322556
横峰站,28.416592,117.596947
横州站,22.758053,109.369712
横店东站,30.81666667,114.3202778
横店站,29.21748326,120.259716
横店西站,30.8063942,114.2983293
横江线路所,23.11644,112.9001
横沟桥东站,29.93628056,114.3687833
横沟桥站,29.931817,114.354019
横沥站,23.031219,113.954311
横琴北站,22.164035,113.528418
横琴站,22.140582,113.5396
横车站,30.31527778,115.3488889
横道河子东站,44.7892,129.0972
横道河子站,44.8125522,129.066342
横阳山站,27.91409525,111.1625224
橄榄坝站,21.87293,100.945415
欢乐城站,28.085455,112.914391
欢乐海洋公园站,28.08484,112.904955
欢乐雪域站,28.090226,112.915088
欧家坡站,33.17404,106.78625
欧龙山站,37.20667716,96.36415243
歌乐山站,29.626964,106.433771
歙县北站,29.92416667,118.405
歙县站,29.868975,118.406591
正定机场站,38.2506,114.703
正定站,38.16194444,114.5508333
正镶白旗站,42.27916667,115.0341667
步行街站,30.96488056,103.9466417
武义北站,28.98571389,119.8452306
武义站,28.9117,119.826
武乡东站,36.8558825,112.8477633
武乡站,36.84923889,112.7916056
武功站,34.2594,108.2004
武夷山北站,27.77944444,118.0397222
武夷山南站,27.651195,117.996506
武夷山站,27.7328,118.026
武威东站,37.95805556,102.6958333
武威南站,37.815,102.7354861
武威站,37.90277778,102.6225
武安站,36.676386,114.206474
武山站,34.722414,104.916774
武平站,24.99473889,116.2149083
武店站,32.694292,117.284685
武当山站,32.540084,110.960537
武当山西站,32.53946,111.008104
武昌东站,30.5775,114.4419444
武昌北站,30.59638889,114.3236111
武昌南站,30.47498929,114.3034426
武昌站,30.531313,114.311773
武汉东站,30.4861,114.425
武汉北站,30.788,114.308
武汉站,30.60967,114.41898
武清站,39.37139,117.010081
武穴北站,29.9704,115.634
武穴站,29.97194444,115.6330556
武胜关站,31.77973,114.01714
武胜站,30.371998,106.101649
武进站,31.66029976,119.9424028
武陟站,35.0894,113.4459
武隆站,29.32993361,107.7682297
歪头山站,41.493333,123.681972
段园站,34.21130556,116.9979722
段甲岭站,39.985236,117.168451
殷庄站,32.29355,118.75843
殷行站,31.320319,121.543848
毕克齐站,40.722093,111.279903
毕原二路站,34.16842,108.8305
毕家岗站,32.641847,116.841235
毕节站,27.265681,105.415666
毛坝关站,32.34286,108.24642
毛家店站,43.042525,124.287356
毛耳山站,31.49444444,118.4455556
民乐站,38.47333333,100.8374167
民和南站,36.30593889,102.8480056
民族站,40.894025,112.091939
民权北站,34.66111111,115.1744444
民权站,34.6459,115.1344
民福寺站,29.15766,106.464888
水东站,30.778314,118.933529
水南站,26.6253,118.173
水口站,26.383858,118.73008
水土站,29.846614,106.590775
水坑站,23.19958,112.56469
水城站,26.574264,104.892778
水塘站,24.95438,102.96716
水家湖站,32.48528611,117.1641778
水富站,28.60992,104.4145
水晶波站,24.975037,103.1210788
水曲柳站,44.491838,127.050121
水洋站,36.46520556,113.3341194
水目山站,25.3993,100.6446
永丰营站,24.97557448,103.0628591
永乐店站,34.53591347,108.9425264
永乐站,39.6528,116.789
永乐街站,24.99886176,109.1528421
永乐镇站,23.97334167,106.6026333
永仁站,26.05200556,101.7094167
永修站,29.0225,115.8111111
永嘉堡站,40.52779538,114.216246
永城北站,34.21805556,116.5152778
永基站,23.247872,112.627571
永宁北站,23.2171,113.59639
永宁南站,23.18295,113.58533
永宁镇站,32.14055556,118.5788889
永宁门站,34.25049,108.94233
永安南站,25.941352,117.385315
永安站,25.977727,117.373092
永安镇站,24.289321,108.048756
永定站,24.734502,116.744211
永寿站,34.707128,108.147052
永寿西站,34.69672222,108.113225
永川东站,29.374411,105.945901
永州东站,26.45257,111.591486
永州北站,26.519435,111.561312
永州站,26.45777778,111.5658333
永平县站,25.4077331,99.53852294
永平站,28.219848,117.741539
永庆站,42.7057,128.2371
永康东站,28.820236,120.075308
永康南站,28.85310278,120.0189583
永康站,28.912452,120.016536
永昌站,29.24916667,119.3586111
永泰站,25.85104167,118.9285639
永浆站,25.943039,117.38822
永济北站,35.02833333,110.4191667
永济站,34.870773,110.448371
永清东站,39.304305,116.505255
永清站,39.185,116.5705556
永登站,36.7214,103.274
永福南站,25.001292,109.994
永福站,24.998242,109.99133
永茂站,29.00395996,110.2718763
永郎站,27.1479332,102.2481039
汇塘河站,27.97194444,106.9194444
汉中站,33.09194444,107.0255556
汉口站,30.62043,114.24984
汉寿南站,28.772531,111.940609
汉寿站,28.84542,111.93768
汉川站,30.54391944,113.8074667
汉沟镇站,39.298307,117.102818
汉沽站,39.2717,117.79989
汉源站,29.235506,102.904459
汉西站,30.595,114.2222
汉阳站,30.555185,114.250286
汉阴站,32.8796933,108.501908
汊沽港站,39.23472222,116.9508333
汕头北站,23.43325,116.71364
汕头南站,23.23174,116.67299
汕头大学站,23.41146,116.63083
汕头站,23.37463889,116.7509444
汕尾站,22.8137,115.427
汝州站,34.17068611,112.8219583
汝箕沟站,39.068972,106.113979
汝阳站,34.307471,112.555579
江克栋站,34.6336,92.85681
江北机场站,29.709717,106.651035
江北站,43.8945,126.61
江华站,25.18291111,111.5502389
江口站,26.35271427,109.6609313
江头村站,24.96762,103.13388
江宁站,31.938622,118.893895
江宁西站,31.825525,118.5909944
江宁镇站,31.862701,118.606061
江家站,28.3683,115.934
江密峰站,43.95634195,126.7391826
江山站,28.77478889,118.639075
江岭站,29.0429219,119.7589729
江岸站,30.631637,114.32198
江市站,27.11536047,109.7413388
江所田站,24.97355,104.47725
江村站,23.302933,113.213334
江板站,26.139607,119.179699
江桥站,46.769484,123.678124
江桥镇站,31.27111111,121.3638889
江水地站,23.4799544,103.2648612
江永站,25.352411,111.460592
江油北站,31.985754,105.07247
江油站,31.78313889,104.7683
江津北站,29.34756,106.25505
江津站,29.2617822,106.2410257
江浦站,32.01708333,118.5308417
江海站,22.58561,113.15838
江湾站,31.30217926,121.4798596
江源东站,42.08619633,126.9022895
江西村站,22.77536002,108.1195903
江都站,32.460806,119.572858
江门东站,22.56366,113.09774
江门北站,22.76227,112.92411
江门站,22.490901,113.06646
江阴北站,31.949499,120.318802
江阴站,31.862148,120.275445
江高站,23.2801454,113.2190133
江高镇站,23.286117,113.221214
池州站,30.62158056,117.5169389
池河站,32.971186,108.331842
汤原站,46.7451,129.918
汤山城站,40.311167,124.208944
汤岗子站,41.002996,122.894336
汤旺河站,48.45332778,129.5735306
汤池站,46.985006,123.767981
汤河站,40.318406,124.155515
汤溪站,29.07694,119.378307
汤逊湖站,30.44759444,114.3797833
汤阴站,35.914625,114.340107
汨罗东站,28.748538,113.138005
汨罗站,28.81731389,113.0707639
汪清站,43.329821,129.733337
汪甸站,24.211158,106.31967
汾河站,37.947753,112.532873
汾阳站,37.372128,111.910897
沁县站,36.75861944,112.6987361
沁阳站,35.20049,112.943745
沂南站,35.487654,118.614529
沂水站,35.643578,118.722155
沂源站,36.14960556,118.1427333
沃皮站,44.22674541,125.5249158
沈丘北站,33.424266,115.101328
沈丘站,33.362491,115.081372
沈家塘站,30.3760971,120.155783
沈家巷站,31.45465952,118.2352462
沈家站,46.0975,126.77
沈阳东站,41.821338,123.495069
沈阳北站,41.8168,123.4296
沈阳南站,41.66722222,123.4030556
沈阳站,41.795,123.3941667
沈阳西站,41.916553,123.228953
沐滂站,25.40205,100.76966
沙井西站,22.736276,113.788237
沙刀湾站,29.346836,110.889948
沙厂坪站,24.987167,105.435662
沙县站,26.392631,117.771971
沙口站,24.41657778,113.5268917
沙园站 (黑龙江省),46.75694444,127.0030556
沙坝子站,40.20236,109.96396
沙坝站,26.9480171,102.1294899
沙坡头站,37.46561,104.99654
沙坡站,29.504035,106.211754
沙坪坝站,29.55653056,106.4560361
沙城东站,40.35436,115.57437
沙城站,40.39594444,115.5095278
沙塘站,34.29965571,117.0238941
沙头东线路所,23.18226,112.92956
沙子河站,39.88361111,118.4072222
沙岭子东站,40.65083333,114.9522222
沙岭子站,40.67194444,114.9191667
沙岭庄站,36.137512,120.346319
沙市南站,30.2733585,112.291742
沙村站,26.64861111,115.0730556
沙桥站,25.24808,101.14398
沙沙圪台站,39.647898,109.993566
沙河口站,38.925,121.5872
沙河市站,36.86083333,114.4913889
沙河站,40.11777778,116.2516667
沙河镇站,40.123611,124.748333
沙河集站,32.427029,118.248914
沙洋西站,30.65515833,112.1577
沙浦站,23.156396,113.653971
沙湖站,38.78335,106.302375
沙湖站,30.55972222,114.3136111
沙湾南站,29.413985,103.540974
沙湾市站,44.32104461,85.60604519
沙湾站,29.415442,103.53578
沙琅站,21.80365,111.19409
沙马拉达站,28.230029,102.564027
沟口站,48.679594,122.019415
沟帮子站,41.359614,121.76968
沥林北站,22.98192778,114.2248722
沥林站,22.98166667,114.2266667
沧口站,36.17916667,120.3783333
沧州站,38.30902194,116.8719389
沧州西站,38.306313,116.761247
沧波门站,32.032646,118.877349
沭阳站,34.11311389,118.758675
沱沱河站,34.2331,92.4458
河下站,27.796207,114.84874
河东机场站,38.322135,106.382099
河东里站,40.41291667,99.76111111
河口北站,22.532236,103.973868
河口南站,36.1639,103.462
河口站,22.51083333,103.9655556
河唇站,21.698822,110.29707
河池西站,24.713483,108.172693
河洛营站,41.38087324,117.7364103
河津站,35.58766667,110.7201111
河源东站,23.6842,114.73086
河源北站,23.88624,115.00178
河源站,23.761,114.682
河潭埠站,28.408717,117.341048
河边站,38.59967444,113.0937917
河间西站,38.50416667,115.9497222
油河集站,33.64722222,115.8
沾益站,25.6057088,103.8053774
沿河城站,40.099228,115.720468
沿河城西站,40.094873,115.716607
沿滩站,29.184675,104.9281694
泉州东站,24.9261429,118.7671014
泉州东站,24.92345833,118.6353611
泉州南站,24.74004111,118.5803778
泉州站,24.97666667,118.5630556
泉州西站,24.958212,118.552787
泉林站,35.60031,117.51398
泉江站,27.663142,113.946808
泉沟站,43.179535,124.258452
泉港站,25.177137,118.87436
泊头站,38.060915,116.581015
泊头镇站,37.60025,118.07425
泗县东站,33.46317778,117.983625
泗县站,33.53912222,117.8449667
泗店站,31.55916667,114.8826389
泗水庄站,23.5138969,103.1953364
泗水站,35.636324,117.255605
泗阳站,33.756205,118.7088
泡子站,42.205581,122.323979
波寨站,24.77838,109.88122
波渡箐站,23.19468,103.73762
波罗坑站,24.08075556,113.3909611
波罗赤站,41.403423,119.93559
泥溪站,29.009271,104.273061
泰兴站,32.239614,120.268234
泰和站,26.835,114.945
泰宁站,26.930404,117.148176
泰安站,36.1719,117.029
泰山站,36.1869,117.103
泰州站,32.530944,119.975703
泰州西站,32.53138889,119.8686111
泰来站,46.390001,123.404521
泰美站,23.30361111,114.46
泸县站,29.1626321,105.3401993
泸州站,28.93006,105.41831
泸阳站,27.601879,110.094691
泼河站,31.84722222,114.8980556
泽普站,38.178521,77.305707
泽润里站,25.0947245,102.3075675
泾县站,30.660579,118.383365
泾河站,34.48161472,108.970235
洋丹仔站,26.598682,118.259341
洋县西站,33.229041,107.518498
洋口站,26.797821,117.911198
洋庄站,27.837275,117.915526
洋河口站,36.136866,120.062194
洋河站,33.79101944,118.3627417
洛埠站,24.438303,109.520303
洛川北站,35.818592,109.350085
洛川站,35.762854,109.442679
洛川西站,35.78378889,109.3294333
洛湾三江站,26.685725,106.8229083
洛满站,24.409634,109.185842
洛碛站,29.724763,106.920283
洛羊镇站,24.93907389,102.8365319
洛门站,34.75420556,105.0206417
洛阳东站,34.6985,112.4799
洛阳北站,34.72662992,112.5234283
洛阳站,34.6873,112.4303
洛阳西站,34.698445,112.353069
洛阳龙门站,34.59395,112.45262
洞井站,28.099719,113.009356
洞口站,27.0986,110.613102
洞子崖站,35.22789167,109.7305194
洞庙河站,40.57047,117.68872
洪嶺站,22.5118,114.1646
洪掌站,36.329887,113.338695
洪梅站,22.98310278,113.6125639
洪沟站,36.13371381,117.1163468
洪洞北站,36.27361111,111.7252778
洪洞站,36.262181,111.665388
洪洞西站,36.253376,111.574208
洮南站,45.338349,122.803689
洲心站,23.695288,113.127678
流坪站,26.46031461,109.6703683
流水沟站,40.70486111,117.1379167
济南东站,36.747995,117.153795
济南南站,36.627376,116.939256
济南站,36.67041667,116.9854167
济南西站,36.66888889,116.8869444
济宁东站,35.52353,116.75066
济宁北站,35.52462,116.60838
济宁站,35.39305556,116.595
济源站,35.11083333,112.5680556
济西站,36.666304,116.856044
浐灞站,34.29222222,109.0052778
浑河站,41.725971,123.375321
浒墅关站,31.384021,120.508639
浒湾站,31.72694444,114.8838889
浙大国际校区站,30.51499,120.71333
浠水南站,30.41271,115.23517
浠水站,30.43541718,115.2363892
浣溪站,26.5502471,113.5998737
浦口站,32.09861111,118.7155556
浦后站,26.3174,118.780966
浦江站,29.4920644,119.9791239
浦镇站,32.118506,118.690257
浩良河站,46.72664167,129.6308861
浮图峪站,39.365916,114.827344
浮屠街站,29.9075,115.0883333
浮山站,36.07138889,111.8388889
浮梁东站,29.51409153,117.4562541
浮石站,25.12767697,109.3666934
海东西站,36.50985,102.0535778
海伦站,47.46494341,126.9876096
海口东站,19.98571,110.33863
海口南站,19.95975927,110.1579568
海口站,20.029444,110.1575
海坨子站,45.268716,124.037413
海城站,40.861596,122.73731
海城西站,40.912898,122.653881
海头站,19.49633333,108.9893083
海宁站,30.536066,120.681317
海宁西站,30.44083333,120.3872222
海宁高铁西站,30.44184,120.38627
海安南站,20.244792,110.127536
海安站,32.549355,120.4993
海州站,34.55264722,119.095825
海拉尔东站,49.254098,119.8211
海拉尔南站,49.23844539,119.9009112
海拉尔站,49.22833333,119.7361111
海昌路站,30.51369,120.68764
海晏站,36.86716,100.994248
海林北站,44.60903333,129.3661917
海林站,44.5648,129.3805
海棠寺站,34.77822222,113.6410056
海湾站,30.868126,121.554562
海石湾站,36.34111111,102.865
海门站,31.927866,121.178473
海阳北站,37.06853056,120.9549389
海阳站,36.7168927,121.1753976
涂家埠站,29.04249954,115.8063889
涉县站,36.577362,113.66217
涞源站,39.370858,114.705985
涟水站,33.777624,119.191248
涟源站,27.688236,111.670181
涡阳站,33.49055556,116.2355556
涪陵北站,29.77346389,107.2735222
涪陵站,29.702412,107.3289
涪陵西站,29.703368,107.270417
涵江站,25.494358,119.170946
涿州东站,39.45888889,116.0477778
涿州站,39.48,115.9780556
涿鹿站,40.32873,115.179023
淄博北站,36.895212,118.020713
淄博站,36.78686111,118.0503611
淇县站,35.61030306,114.1816111
淦田站,27.503725,113.148156
淮北北站,34.048274,116.845611
淮北站,33.96833333,116.7975
淮南东站,32.64745,117.1454222
淮南南站,32.544302,117.03809
淮南站,32.630421,117.019551
淮南西站,32.622561,116.966311
淮口南站,30.735427,104.571805
淮城站,33.55166667,119.1677778
淮安东站,33.570627,119.183618
淮安南站,33.59222222,119.0883333
淮安站,33.65027778,119.0277778
淮滨站,32.50333333,115.4066667
淮阳南站,33.504908,114.896263
深井站,23.06898,113.4044
深圳东站,22.60388889,114.1144444
深圳北站,22.61194444,114.0238889
深圳坪山站,22.71037,114.3222
深圳机场东站,22.64861,113.81539
深圳机场北站,22.6539,113.7925
深圳机场站,22.625051,113.807828
深圳站,22.5344,114.1121
深圳西站,22.531389,113.902778
深州站,38.01083333,115.6080556
深汕站,22.8725,115.0785
清凉店站,37.67694444,115.8552778
清华园站,39.99030556,116.3256667
清城站,23.655909,113.06077
清徐站,37.556635,112.307032
清水北站,39.37381667,99.09656944
清水县站,34.752175,106.102507
清水河东站,25.231668,104.942731
清水站,39.3548,99.057
清河城站,37.06333333,115.6811111
清河桥站,43.6954,122.864287
清河站,40.03986389,116.3091722
清河门站,41.774344,121.41448
清泉南站,39.97737499,97.5753874
清流站,26.214918,116.815261
清涧县站,37.167014,109.998587
清涧站,35.6247863,110.661101
清远站,23.69625,113.1294194
清远长隆站,23.55155,113.12442
清镇西站,26.803719,106.376885
清风店站,38.62369444,115.0293611
渌口站,27.711401,113.137481
渑池南站,34.686243,111.768189
渑池站,34.75444412,111.7791672
渔坝村站,25.1647425,101.9386444
渔溪站,25.6058,119.329
渠东线路所,24.6591595,102.6323006
渠县站,30.80764,107.009034
渠旧站,22.5178,107.5785
渠江站,28.08694444,110.9938889
渡口站,26.5717388,101.6999464
渡市站,31.028031,107.279421
渤海新区站,38.29852247,117.8175045
渤海站,41.149195,122.095169
温家圳站,28.359954,116.106171
温岭站,28.48221944,121.3203417
温州北站,28.07208333,120.6911028
温州南站,27.969353,120.580913
温州站,27.9834,120.6809
温州西站,27.98195,120.623779
温水站,35.461609,117.719586
温江站,30.63729722,103.8114833
温泉站,24.962303,102.479527
温都和硕站,43.594697,118.273066
渭南北站,34.53722222,109.4758333
渭南站,34.48555556,109.4883333
渭南西站,34.47916667,109.4358333
渭南镇站,34.6897716,105.633803
渭沱站,30.029417,106.176987
渭源站,35.097116,104.225584
港口站,34.60379069,110.2729712
港口镇站,30.72979,118.928341
湄池站,29.911459,120.287981
湖东站,39.99722222,113.4477778
湖口站,29.731799,116.279785
湖头站,25.24511,118.025039
湖州东站,30.81979315,120.1741136
湖州南浔站,30.82916529,120.4032023
湖州站,30.86494167,120.0178444
湖州西站,30.8981,120.001
湖沿站,28.660017,118.283206
湖滨站,29.3066,113.087576
湖潮站,26.442737,106.522889
湖蝶湾站,23.575027,113.124831
湘乡站,27.74808,112.523919
湘府路站,28.113614,113.022646
湘潭东站,27.86138889,112.965
湘潭北站,27.9646158,112.942596
湘潭站,27.878688,112.907645
湛江北站,21.2209,110.35337
湛江站,21.19027778,110.3830556
湛江西站,21.245414,110.283673
湟源站,36.68301,101.23996
湾仔北站,22.197798,113.529157
湾仔站,22.1845888,113.5222777
湾塘线路所,23.10676,103.74873
湾沚南站,31.094914,118.580149
湾沚站,31.141065,118.569221
湾边站,22.62827,112.08866
湾里站,31.420807,118.405647
溆浦南站,27.6084,110.5912083
溆浦站,27.929358,110.573708
源潭站,23.665436,113.19682
溧水站,31.68131944,119.0912028
溧阳站,31.3881,119.498
溪南坂站,24.902664,117.557799
溪口站,29.63330556,121.2392056
溪洞站,42.910204,129.596048
溪西站,29.220049,119.436788
溶口站,29.734675,117.539722
滁州北站,32.310152,118.321786
滁州站,32.199565,118.314621
滑县南站,35.22638889,114.4844444
滑浚站,35.617488,114.547059
滕州东站,35.09083333,117.2522222
滕州站,35.080683,117.147379
滠口站,30.7263026,114.3519895
满归站,52.034924,122.067333
满洲里站,49.583,117.442
滥坝站,26.54395789,105.0313877
滦县东站,39.75585556,118.7412806
滦县站,39.75694444,118.6997222
滦平站,40.921686,117.309532
滦河沿站,41.079844,117.539277
滦河站,39.852873,118.666558
滨州东站,37.41,118.0636
滨州北站,37.44494,118.05881
滨州站,37.453343,118.012126
滨江站,45.7739,126.6503
滨海北站,39.235,117.7558333
滨海国际机场东站,39.133564,117.362074
滨海大道站,29.44311111,121.9140556
滨海港站,34.059819,119.854887
滨海站,39.00346,117.67872
滨海西站,39.080109,117.605124
滩头湾站,26.425779,111.537596
滩头站,28.321283,104.269754
滴水站,24.72991,103.06288
滴道站,45.34388889,130.8255556
漕河站,38.93527778,115.5518056
漕泾站,30.8077,121.408777
漠河站,52.98694444,122.5008333
漫水湾站,28.210344,102.164753
漫流河站,36.378361,113.316456
漯河站,33.57222222,114.0372222
漯河西站,33.57444444,113.9575
漳县站,34.71799,104.155569
漳州东站,24.567577,117.740324
漳州北站,24.52952,117.65932
漳州站,24.4569,117.706
漳平站,25.307494,117.420643
漳平西站,25.325161,117.355592
漳浦站,24.09918333,117.5580083
漾濞站,25.66284926,99.96235437
潍坊东站,36.651351,119.236803
潍坊北站,36.795419,119.189418
潍坊站,36.6961,119.092
潍坊西站,36.710561,119.018601
潖江口站,23.74842222,113.2296611
潘家店站,40.67371,117.81627
潘集站,32.72942,116.83359
潜山站,30.57638889,116.6113889
潜江站,30.39160278,112.9339
潞城站,36.32056611,113.2156806
潢川站,32.11333333,115.0975
潭寮站,22.39833,111.89927
潭岗站,28.3306,115.903
潭水站,22.05549,111.60556
潮南站,23.13631,116.52771
潮安站,23.47652,116.69236
潮州站,23.6414,116.579482
潮汕站,23.54242,116.58284
潮阳站,23.38396,116.41802
潼关站,34.53666687,110.2425003
潼南站,30.22173889,105.876175
澧县北站,29.82138889,111.5991667
濉溪站,33.925955,116.772457
濑湍站,22.448,107.4976
濮阳东站,35.76546583,115.1443339
濮阳站,35.74111111,115.0184722
濯港站,30.017537,115.894186
灌云站,34.289224,119.303296
灌南站,34.100268,119.274167
灌水站,40.85988756,124.5597625
灞桥站,34.30166667,109.0547222
火石泉站,42.9106616,93.3783381
火谷都站,23.4272232,103.1446642
火连寨站,41.360861,123.740306
火铺站,25.6705709,104.4337761
火龙岗站,31.257087,118.395809
灭火沟线路所,33.0075,106.0620694
灯塔站,41.428014,123.311912
灯笼山站,23.87703,103.18521
灰埠站,36.976621,119.666329
灵丘站,39.462231,114.222454
灵宝站,34.5112,110.8927
灵宝西站,34.577945,110.683771
灵山站,41.196671,123.044039
灵川站,25.40138889,110.3108333
灵武站,38.1575,106.3630556
灵璧站,33.60121111,117.5346417
灵石东站,36.87936624,111.9093401
灵石站,36.86138889,111.7644444
炉桥站,32.553382,117.225347
炎方站,25.9198162,104.0404087
炎陵站,26.5052087,113.7848042
炒米店站,36.543897,116.850046
炭步站,23.33555,113.11568
炮车站,34.333321,118.043302
点岱沟站,39.80277778,111.2594444
烔炀河站,31.697767,117.618614
烟台北站,37.59409444,121.3876389
烟台南站,37.4322442,121.3926045
烟台站,37.5475,121.3775
烟台西站,37.657175,121.049405
烟墩东站,42.27985619,94.03553637
烟墩站,42.28905,94.01102
烟溪站,28.13777778,110.9019444
烟筒屯站,47.00191389,124.1553833
烟筒山站,43.283372,126.024199
热水塘站,24.16917,103.14709
热水洞站,21.89112,111.30515
焉耆站,42.07615951,86.54633206
焦作东站,35.035,113.5854167
焦作北站,35.23625833,113.2318333
焦作站,35.2231,113.2287
焦作西站,35.208571,113.056002
焦庄站,33.24138889,114.0370833
煤山站,31.09276,119.75643
照东站,41.398719,94.986377
照口站,26.688028,118.021836
熊岳城站,40.179773,122.142496
燕子墩站,39.0628024,106.5633374
燕山站,39.74777778,115.9519444
燕岗南站,29.50813077,103.5327727
燕岗站,29.555736,103.522462
燕庄站,40.13555556,113.3244444
燕湖站,23.672883,113.084177
燕舞站,45.630305,120.301457
燕落站,40.56362534,116.9574966
燕郊站,39.94102778,116.8257222
爱河站,44.56283,129.70898
牌头站,29.5980134,120.1448261
牌楼站,29.56566,105.065999
牙克石站,49.277538,120.730833
牙屯堡站,26.13416667,109.6186111
牛坪子站,26.6318462,101.8216501
牛头山站,31.07034,119.5571
牛家站,45.3484,126.7305
牛栏山站,40.202106,116.641958
牛河梁站,41.193936,119.39246
牛行车站,28.701619,115.87451
牛街庄站,25.0090349,102.7790421
牛街站,25.7848519,101.8501637
牛角沱站,29.561928,106.538678
牛车河站,29.034548,110.994827
牟平站,37.4238946,121.6511802
牡丹江站,44.5883,129.606
牧羊村站,24.9857194,102.4217706
犀浦东站,30.73891389,103.988525
犀浦站,30.7569,103.973
犁市站,24.892323,113.530453
犍为站,29.350989,103.957217
狗街子站,24.78851111,103.1362806
独山东站,25.861415,107.573642
独山站,25.867379,107.543545
独李村站,34.63428611,109.0776111
独流站,39.018191,116.949166
独立屯站,46.571144,124.842851
狮子坪站,29.604119,106.545411
狮子山站,30.937338,117.882629
狮山东站,23.120936,113.007131
狮山北站,23.15638333,112.9660278
狮山站,23.12526944,112.9787417
狮山西线路所,23.15269,112.90584
狮岭站,23.456695,113.142951
狼山站,40.3514,115.682
狼窝铺站,39.84,118.2888889
猛洞河站,28.68925622,109.9779676
猴山站,40.814157,117.023019
玉屏站,27.24312,108.930584
玉山南站,28.65027778,118.2877778
玉山站,28.663325,118.231338
玉带门站,30.57583333,114.2527778
玉林北站,22.725572,110.245029
玉林山站,23.667963,103.283816
玉林站,22.600066,110.152412
玉泉寺站,30.777834,111.689291
玉泉站,45.4147,127.1561
玉泉营站,38.138056,105.958889
玉溪南站,24.27792775,102.5140781
玉溪站,24.339046,102.511769
玉溪西站,24.35526,102.52555
玉环站,28.19337778,121.2632556
玉珠峰站,35.729651,94.307525
玉田南站,39.696388,117.808738
玉田县站,39.88111944,117.7278056
玉石站,38.47083,101.88933
玉门东站,39.8285,97.9194
玉门站,40.2762,97.0397
王佐站,38.46277778,115.9041667
王兆屯站,45.728402,126.644356
王安镇站,39.407248,114.936667
王家井站,37.82694444,115.3808333
王家坝站,29.747719,107.025985
王家营站,24.925522,102.842496
王家营西站,24.921181,102.823889
王寨站,33.1525,115.8338889
王岗站,45.669051,126.538606
王杨站,46.968348,127.919301
王楼站,34.0075,115.785
王渠站,39.81833333,111.3561111
王玉庄站,40.75305556,114.6513889
王益站,35.062598,109.069597
王瞳站,37.54,116.1572222
王里堡站,36.39233889,113.1125111
玛纳斯站,44.24805061,86.1934981
环县站,36.515975,107.3704556
环江站,24.855841,108.167578
珞璜南站,29.302022,106.438073
珞璜站,29.3325,106.4308333
珠恩嘎达布其站,45.756018,116.31177
珠斯花站,45.562237,119.670809
珠江源站,25.7713122,103.8798623
珠海北站,22.40373,113.54687
珠海机场站,22.01513,113.37244
珠海站,22.21796,113.54388
珠海长隆站,22.106998,113.536064
珠琳站,23.968118,104.625385
珠窝东站,40.048939,115.803461
珠窝站,40.049991,115.793973
班猫箐站,24.933217,103.19955
珲春南站,42.81527778,130.3930556
珲春站,42.89888889,130.3955556
琉璃河南站,39.5757,116.01903
琉璃河站,39.59555556,116.0338889
琵琶湖站,29.732043,116.063619
琶洲站,23.10368,113.36314
琼海站,19.241389,110.4875
瑞安站,27.77036,120.57669
瑞昌站,29.68874167,115.6713083
瑞昌西站,29.663,115.628
瑞金站,25.8664898,116.0511434
璧山站,29.506715,106.220832
瓜州站,40.56685278,95.77258611
瓢儿屯站,41.84124655,123.7901044
瓦园站,26.603054,112.756944
瓦屋山站,31.56095556,119.2692167
瓦房店站,39.6237,122.0031
瓦房店西站,39.655669,121.83341
瓦拉干站,52.58791096,124.5393478
瓦祖站,28.207801,102.551744
瓦窑站,34.37696,118.22365
甘井子站,38.96916,121.627536
甘井站,35.324708,110.117142
甘旗卡站,42.956434,122.350762
甘棠站,28.84722222,117.0977778
甘泉北站,36.27768889,109.3409583
甘泉站,36.25801944,109.3477361
甘洛南站,28.928126,102.791405
甘洛站,28.981717,102.760129
甘谷站,34.763833,105.328453
甘隆站,35.992483,94.818365
甘露山站,30.91527778,114.4263889
甜水站,41.342837,121.864307
田丁站,24.14376111,106.3925556
田东北站,23.6757238,107.1412891
田东站,23.6279443,107.1295906
田坝站,26.49,104.3847222
田庄站,39.412608,117.927568
田心东站,27.8963715,113.1300623
田心站,27.87,113.1255556
田心铺站,25.93611111,110.9027778
田林站,24.288107,106.230927
田梁子站,27.55583333,103.9611111
田水井站,35.18111111,115.5175
田荣站,32.842972,117.382705
田阳站,23.768789,106.932344
甲路站,30.418345,118.843276
电白站,21.706455,111.139554
甸尾站,25.1870296,101.7407658
甸心站,25.316002,101.7191002
画桥站,28.51611111,117.0391667
界溪河站,29.90111111,111.6052778
界首南站,33.224153,115.319255
界首市站,33.269581,115.371838
留守营站,39.790917,119.313611
留客站,36.96083333,114.4955556
番禺站,22.9914,113.2683
畲江北站,24.0633,116.0156
疏勒河站,40.4375,96.8577
疏勒站,39.381985,75.991624
登沙河站,39.22074722,122.0635111
白云北站,26.706636,106.659092
白云机场东站,23.36741694,113.3139889
白云机场北站,23.39755,113.30052
白云机场南站,23.385665,113.29791
白云湖站,23.2272295,113.2334045
白云鄂博站,41.77120833,109.9516583
白加道站,22.271,114.152
白城站,45.614891,122.857046
白塔埠站,34.56512,118.932862
白塔站,40.8696572,111.8454813
白奎堡站,46.3714,127.004
白家店站,35.63504295,116.8578675
白寨站,23.03182,103.75944
白山东站,41.98567505,126.4842278
白山乡站,47.28281486,123.2672168
白山市站,41.950278,126.4525
白山站,24.048527,109.265466
白岩站,31.04190877,106.7139009
白岭站,45.366161,127.252774
白帽子站,45.378772,127.20805
白彦花西站,40.62652,109.29004
白旗站,41.155753,117.665299
白村站,35.5491664,110.4918321
白杨坪站,30.47975,109.62304
白杨畈站,29.72977778,115.6414528
白果站,28.813739,102.602431
白桦排站,50.24488584,124.1880962
白水站,32.258172,106.03144
白水镇站,25.6594403,104.0041559
白沙坡站,25.657259,103.867847
白沙沱站,29.488381,107.487504
白沙站,29.074943,106.126508
白沙铺站,29.960418,115.069523
白沟站,39.08704162,116.0928438
白河东站,32.806395,110.109165
白河县站,32.833989,110.098058
白河站,42.450056,128.125
白泉站,42.92454,124.99568
白洋淀站,39.06902222,115.868625
白涛站,29.574711,107.465636
白涧站,39.646404,115.289555
白源站,27.647876,113.896381
白石岩站,28.758012,102.608801
白石渡站,25.40027809,113.0291672
白石站,26.7242477,114.1148179
白羊墅站,37.84881532,113.6439429
白腊桥站,26.76293213,109.6937123
白蒲站,32.246786,120.719919
白银南站,36.4765,104.1804
白银西站,36.54954563,104.0964638
白露渡站,27.92138889,116.1797222
白音他拉站,43.07088,120.82798
白音华南站,44.769067,118.449671
白音胡硕站,45.013255,121.435385
白马井站,19.65995556,109.2499167
白马北站,29.54389,104.99117
白马垅站,27.92444444,113.0695694
白马寺站,34.71722222,112.58875
白马溪站,29.346836,110.889948
白马站,29.408297,107.556785
白鹤桥站,22.97842,103.7962
白龙桥站,29.068804,119.580465
百善站,33.781102,116.686927
百子湾站,39.876037,116.511444
百宜站,26.82596389,106.9291944
百底站,35.575751,110.8170768
百色站,23.88841944,106.6611028
百里峡站,39.682697,115.386913
皂角铺站,31.4479856,104.656333
皇后园站,37.970893,112.567618
皇姑屯站,41.8103,123.391
皋埠站,30.012,120.671386
皮口站,39.42971944,122.3345806
皮山站,37.56435,78.281797
皮革城站,30.50857,120.65994
盈宁站,30.22833333,120.2655556
益口站,26.012194,117.382573
益阳东站,28.51166221,112.3848636
益阳南站,28.51827222,112.3216417
益阳站,28.54111111,112.3363889
盐坨站,34.666781,119.219023
盐城北站,33.450242,120.097657
盐城大丰站,33.18277778,120.3338889
盐城站,33.374721,120.17952
盐官站,30.4655,120.53612
盐步线路所,23.10317222,113.1809639
盐池站,37.733903,107.343103
盐泉北站,42.49854167,93.85334722
盐泉站,42.49937,93.85277
盐津站,27.99959368,104.2118681
盐湖站,43.41879167,88.10732778
盐湖西站,43.44121631,88.08801549
盐边站,26.656998,101.853058
盖州西站,40.402795,122.269392
盘古站,52.70281389,123.8711083
盘州站,25.794538,104.565861
盘溪站,24.239962,103.1096085
盘谷寺站,35.16487222,112.5852778
盘锦北站,41.33314167,121.8023056
盘锦站,41.19595556,122.0576833
盛泽站,30.90916667,120.5641667
相思河站,26.82600833,106.9292139
相桥站,34.635167,109.371578
相见站,27.045978,109.744135
省图高新馆站,34.214267,108.832079
眉县东站,34.27252,107.83316
眉县站,34.30915,107.71867
眉山东站,30.06958889,103.8195444
眉山站,30.067413,103.810512
睢宁站,33.954395,117.931245
睦村站,26.6376568,113.918447
矮岭站,24.80409,109.9413
石人城站,46.2992,126.896
石佛站,36.23305556,115.8388889
石咀站,25.0182942,102.6265962
石嘴山南站,38.915332,106.417688
石嘴山站,38.95751944,106.3770139
石围塘站,23.10833333,113.2247222
石场站,29.347673,106.409213
石城东站,26.299986,116.345043
石子山站,29.85752,106.440845
石家庄东站,38.049625,114.621326
石家庄北站,38.06583333,114.4588889
石家庄南站,37.975956,114.416763
石家庄站,38.00916667,114.4777778
石家庄西站,38.073382,114.359005
石家庄铁道博物馆,38.0408,114.484
石家滩站,34.469667,106.591478
石屏站,23.719461,102.488938
石崖寨站,23.5667264,103.1634102
石工站,38.0675,114.515
石景山南站,39.87361145,116.2086105
石板墩南站,40.88738,95.913432
石板墩站,40.91531,95.95227
石板滩站,30.724056,104.257807
石林南站,24.86493,103.27603
石林站,24.86580641,103.3271664
石林西站,24.659568,103.240642
石柱县站,29.96743056,108.0934
石柱槽站,31.45669,107.594
石桥子站,41.451639,123.723167
石桥站,33.90305556,113.87
石楼县站,36.96861111,110.7966667
石楼站,39.639044,115.969931
石沱站,29.727381,107.113617
石河子站,44.26729444,86.05805
石泉县站,33.030881,108.246954
石泉子站,39.79307778,99.16428611
石泉站,27.60901,111.548738
石湖荡站,30.98252,121.12267
石湾站,27.298749,112.954146
石滩站,23.173466,113.778157
石濑站,30.3839857,119.9168692
石燕桥站,29.31127,105.32464
石牌站,23.1431,113.363
石砻站,24.985384,118.486443
石碌站,19.24595,109.0453361
石窝铺站,23.4662505,103.1334176
石菉站,22.13469,111.66152
石郎庄站,39.86311667,118.3530056
石门县北站,29.60222222,111.4280556
石门县站,29.5886,111.3677
石门坎站,28.6725,106.8175
石门站,39.72391111,118.8486333
石首站,29.6791,112.37374
石龙站,23.11,113.8394444
砀山南站,34.387166,116.297502
砀山站,34.4179,116.3248
研和站,24.2848827,102.4941506
砖庙站,31.773365,112.119992
硕放站,31.47598,120.411291
硬石岭站,28.449498,117.073831
确山站,32.80361111,114.0308333
碧江站,22.9525,113.2571
碧津站,29.713948,106.628807
碧色寨站,23.46528,103.41092
碧鸡关站,25.006094,102.6258626
碱柜站,39.93086794,106.7593336
碾子山站,47.5135,122.8776
碾庄站,34.295804,117.774383
磁县站,36.36027778,114.3720694
磁山站,36.59726389,114.1113111
磁涧站,34.69483,112.2751
磁窑站,35.90142222,117.1006444
磐安南站,28.911468,120.33992
磐安站,28.99513347,120.4274975
磐安镇站,34.760615,105.118275
磐石站,42.9257,126.0625
磨刀石站,44.56889,129.84042
磨心坡站,29.85244771,106.4709246
磨憨北站,21.29285,101.7003
磨憨站,21.2526695,101.7176911
磨溪站,29.639301,107.397575
磨滩站,35.33833333,112.5891667
磨石沟站,40.2357252,107.0127442
磨黑站,23.13994694,101.1681061
磴口站,40.33912944,106.9577411
磹口站,24.690999,117.636208
礼乐站,22.54814,113.0723
礼州站,28.055036,102.190952
礼泉南站,34.46244444,108.4028583
礼贤站,39.554907,116.432002
社棠站,34.55207,105.980005
祁东站,26.762523,112.060496
祁东西站,26.79992,112.000573
祁县东站,37.322877,112.35064
祁县站,37.34583333,112.3245833
祁家堡站,40.928111,123.816694
祁家湾站,30.8733641,114.2295896
祁门南站,29.83421206,117.6944964
祁门站,29.848606,117.724579
祁阳站,26.61243056,111.826075
祝家湾站,30.9286439,114.1487022
祝村站,34.16206,108.82746
神农架站,31.630895,110.910061
神头站,39.35888889,112.5441667
神山北站,23.344595,113.177783
神山站,23.331432,113.196119
神州站,18.726378,110.30372
神木北站,39.03911111,110.4400833
神木南站,38.860182,110.481755
神木站,38.93659,110.449031
神木西站,38.98608611,110.0853583
神树站,46.9411,128.4197
神池南站,39.07722222,112.1902778
祥云站,25.45375,100.55698
祥云西站,25.473154,100.544371
禄丰南站,25.12289722,102.0617167
禄丰村站,24.56147535,103.0915804
禄丰站,25.18778,102.05737
福临堡站,34.384909,107.091043
福利区站,36.095882,103.627418
福利屯站,46.719596,131.125565
福安站,26.83833333,119.7161111
福山东站,37.45425556,121.3004944
福山北站,37.527033,121.186895
福山寺站,39.87594722,118.4294583
福山站,37.484162,121.211075
福山镇站,19.87812222,109.9142778
福州南站,25.9862,119.39
福州站,26.11583333,119.3147222
福巨站,43.631993,121.979086
福德站,25.277793,117.762553
福泉站,26.6269,107.533052
福海站,47.12106,87.45929
福海西站,22.692611,113.784469
福清站,25.6757,119.384
福清西站,25.70053056,119.2997611
福港站,29.50222222,117.2625
福生庄站,40.96628,112.45545
福田站,22.54095,114.05195
福金站,41.258056,123.732389
福鼎站,27.2829,120.19
禹城东站,37.063589,116.684438
禹城站,36.92388889,116.6283333
禹州站,34.125879,113.565792
禹门口站,35.6628266,110.6381842
离堆公园站,30.995324,103.622207
禾家村站,29.174403,110.627114
禾市站,26.75194444,113.1313889
秀山站,28.4475,109.0119444
秀水河站,34.90022,92.93449
秀水湾,29.578544,106.20603
秀湖公园,29.590473,106.207519
秀英站,19.9982,110.271
秋木庄站,40.632333,123.943
科创小镇轨道站,29.614123,106.216453
科韵路站,23.11962,113.37307
秦安站,34.846103,105.654572
秦家站,46.7964,126.9962
秦岭站,34.23416667,106.9002778
秦王川站,36.468,103.7671
秦皇岛东站,39.94116403,119.6393815
秦皇岛南站,39.92736456,119.5922819
秦皇岛站,39.963822,119.586407
秧草地站,24.82299,103.835
积金南站,30.688932,104.870873
程家庄站,35.48987994,116.8811396
程村站,25.7675,109.5416
程祥站,25.62297222,109.4763167
稷山站,35.6125,110.9894444
穆家店站,45.489439,122.796333
穆棱站,44.615131,130.364115
空港广场站,29.739086,106.629837
窑上站,40.982333,117.402277
窑场站,34.239827,117.23264
窑村站,34.34444444,109.1208333
窦妪站,37.88638889,114.5111111
窦店站,39.66888889,116.0966667
立志站,45.99281,124.564106
立新站,23.9217,102.1591
立新站,30.94722222,117.8511111
章丘北站,36.801978,117.480449
章丘南站,36.579167,117.466667
章丘站,36.721631,117.493198
章古台站,42.703433,122.479984
童家站,28.25594,117.113896
童家院子站,29.631229,106.551437
端州站,23.1133832,112.5083491
竹园坝站,32.22863281,105.3313768
竹峰站,30.570921,118.939903
竹料站,23.35041,113.36048
竹溪站,31.783475,117.18083
竹马馆站,29.136688,119.586273
笕桥站,30.330745,120.212581
符离集站,33.76222222,116.98075
筍崗站,22.5696,114.112
简家坡站,32.08972222,112.3191667
简阳南站,30.356211,104.515746
简阳站,30.37911041,104.5531867
箐口站,30.26841,109.12896
算王庄站,35.25305556,115.3005556
管店站,32.653212,118.070137
篁墩站,29.779662,118.35745
簕竹站,22.69116,112.10441
米兰站,39.1403,88.8791
米山站,21.63432,110.527707
米易东站,26.909346,102.125952
米易站,26.8751336,102.1136568
米林站,29.23368,94.21593
米沙子站,44.14559238,125.4711686
精河南站,44.60503715,82.91838011
精河站,44.635,83.0225
糯租站,24.48394,103.10208
紫荆关站,39.44717,115.164591
紫薇田园都市站,34.17451,108.8646
紫金山东站,32.073559,118.900561
紫金山站,32.087816,118.892923
紫阳站,32.526576,108.543936
綦江东站,29.026113,106.658693
綦江北站,29.013406,106.595752
綦江站,29.02024,106.660126
繁峙站,39.16469722,113.2671056
繁昌北站,31.087279,118.191084
繁昌西站,31.073405,118.153092
红光站,42.77711017,93.58642117
红光镇站,30.77418333,103.9417778
红埠寺站,35.06315,118.262549
红安站,31.00587222,114.6267639
红安西站,31.00656111,114.6275889
红寺堡北站,37.59873,106.05884
红层南站,43.12683562,92.06363699
红岛站,36.245729,120.186557
红峰站,28.286729,102.619362
红彦站,49.51065,124.97654
红旗屯站,24.28791389,106.23075
红旗村站,42.5549433,93.7273284
红旗渠站,36.17972222,113.84
红旗站,41.20233,121.435815
红旗营东站,47.08508,123.98149
红旗营站,47.11444444,123.9069444
红果子站,39.172589,106.660546
红果站,25.71448385,104.4639818
红柳河南站,41.5283135,94.69443585
红柳河站,41.5342,94.7283
红江站,25.9039391,101.8653464
红河站,23.45281,103.35221
红海站,23.12623,113.83948
红牌楼站,30.619283,104.028495
红石崖站,36.09188,120.11528
红花园站,28.068374,106.846694
红花塘站,30.66662285,104.4775966
纳林沟门站,40.12568,109.90813
纳赤台站,35.872504,94.554674
纸坊东站,30.35611944,114.339275
纸坊站,30.35363794,114.3084288
练塘站,30.99828471,121.0248019
细鳞河站,44.49146119,130.74494
绍兴东站,30.05888889,120.8419444
绍兴北站,30.10222222,120.5344444
绍兴站,30.0148,120.579
绍水站,25.87856,110.85711
经久站,27.770222,102.209637
经棚站,43.27076389,117.5307444
绕阳河站,41.792963,122.458977
绛帐站,34.27426,107.94831
统军庄站,40.34149,116.749645
统景站,29.857951,106.870832
绣峰站,52.49282706,124.5988106
绥中北站,40.34738611,120.3184694
绥中站,40.320611,120.347603
绥化南站,46.61145556,126.9984139
绥化站,46.643,127.0091
绥德站,37.54583333,110.2564667
绥棱站,47.2477,127.0769
绥芬河站,44.40416667,131.1291667
绥西站,44.437187,130.820033
绥阳南站,44.41935,130.886869
绥阳站,44.42598531,130.8927733
绩溪北站,30.07444444,118.5661111
绩溪县站,30.055592,118.583412
绵竹南站,31.26111895,104.2094357
绵阳站,31.46201111,104.7149778
综保区站,30.443321,114.488574
绿博园站,34.7804,113.9336
绿水站,26.587741,118.068477
缅甸站,23.62942511,103.0086239
缙云站,28.663549,120.090716
缙云西站,28.68,120.0504722
缯溪河站,33.03428583,108.1483542
缸房夭站,40.40227778,112.2898611
罗坊站,27.86345,115.114924
罗定站,22.78081,111.615451
罗家桥站,30.13800669,114.9613244
罗家渡站,25.26965278,113.1164611
罗山站,32.16776,114.54526
罗平站,24.91127898,104.3135342
罗敷站,34.52472222,109.9469444
罗文皂站,40.41003687,113.8988456
罗江东站,31.306225,104.532175
罗浮山站,23.19725,114.06477
罗源站,26.4558,119.576
罗铺站,31.26861111,114.8869444
羅湖編組站,22.518212,114.116597
羊八井站,30.1057,90.53923
羊八林站,30.22482,90.63032
羊堡站,24.970052,102.805641
羊塔克库都克站,41.4066797,81.5326705
羊尾哨站,25.6881151,104.2353543
羊木站,32.598039,105.773379
羊楼司站,29.50685556,113.6164944
羊者窝站,24.83398563,104.2738977
羊臼河站,25.4968473,101.8333275
羊草站,46.333737,125.416637
羊街子站,24.85329,103.12741
羊马站,30.6205,103.7561
美兰站,19.94416667,110.4555556
美岱召站,40.5840186,110.7458668
翔安站,24.691,118.308
翠云站,29.688668,106.568903
翠亨站,22.441773,113.540962
翠屏站,28.75472222,104.5991667
翠峰站,50.61832253,124.262709
耀州站,34.909856,108.983335
老古沟站,40.229472,124.335139
老城镇站,19.93341667,110.1131833
老堡站,25.6715,109.4756
老河口东站,32.21929172,111.7424953
老河口站,32.38799846,111.6825425
老牛湾站,39.94252778,111.4707778
老范寨站,22.76335,103.89594
老莱站,48.64866381,124.9995366
老边站,40.674601,122.358373
老锅厂站,27.02691,103.95584
耒阳站,26.407821,112.817567
耒阳西站,26.417413,112.783003
耿坡站,32.250915,112.131034
聂各庄站,40.1007843,116.1177979
聂河站,52.75858333,123.5598611
聊城北站,36.50166667,115.9261111
聊城站,36.45722222,115.9380556
聊城西站,36.430473,115.875117
联合乡站,28.274768,102.465332
联通河站,31.85509,91.52384
聚源站,30.935961,103.699547
肃北站,39.54087,94.77078
肃宁北站,38.44232692,115.8257398
肃宁站,38.4141592,115.8447707
肃州站,39.7452926,98.6492443
肇东站,46.0757,125.9931
肇庆东站,23.21652778,112.6576667
肇庆站,23.0847101,112.4458361
肥东站,31.86363611,117.4803111
肥西站,31.71974,117.1381
育英站,52.96333333,122.6238889
背开柱站,26.571356,104.420066
背荫河站,45.1679,126.9922
胜昔桥站,27.76638889,112.09
胜芳站,39.13741667,116.7536111
胡乐站,30.347142,118.775637
胡家营站,32.810324,110.211792
胡集站,31.43752,112.30345
胥各庄站,39.55555556,118.1094444
胪滨站,49.547863,117.538074
胶州北站,36.3968,120.05
胶州站,36.298787,119.991892
脑高站,40.630274,107.198885
腊哈地站,22.95569,103.8036
腰古站,22.890262,112.291757
腰栈站,41.855657,117.866051
腾桥站,27.7802423,116.4862673
自贡北站,29.3587,104.7885
自贡南站,29.301339,104.734851
自贡站,29.35721,104.87737
舒兰站,44.40576,126.94845
舒城东站,31.48636,117.04225
舒城站,31.51106,117.154279
航垭站,37.24833333,96.25944444
舵落口站,30.60583333,114.1233333
艮山口站,26.63700398,109.6911433
艮山门站,30.285,120.1808333
良乡站,39.739955,116.150249
良各庄站,39.719115,115.937401
良村站,38.04083333,114.6716667
良江站,23.649699,109.188303
良田站,25.63016389,113.0268778
色树坟站,39.97027167,115.996405
艾河站,39.392396,114.541304
芙蓉南站,28.036771,112.990378
芙蓉镇站,28.773143,109.982728
芜湖东站,31.42083333,118.4055556
芜湖北站,31.347089,118.328852
芜湖北站,31.35722222,118.2508333
芜湖南站,31.25095556,118.3736972
芜湖站,31.3476,118.391
芝兰庄站,36.332684,119.873177
芝罘站,37.46446667,121.3371472
芝阳站,35.3669727,110.3310176
芦台站,39.32845278,117.8392169
芦岭站,33.464945,117.146896
芦庙站,34.041239,115.779929
芦沟站,24.951102,104.381586
芦洪市站,26.62138889,111.48
芦溪站,27.65506,114.04734
芦潮港站,30.88968,121.856371
芦芝站,25.279891,117.458277
芦花台站,38.612028,106.205761
芨芨槽子站,43.64296944,87.64043333
花园口站,39.55135556,122.6097222
花园站,31.24652778,113.9718056
花園道站,22.2777,114.159
花城街站,23.42862,113.231446
花山南站,30.53054167,114.5076028
花山镇站,23.428018,113.263444
花庄站,36.190094,103.165835
花桥站,31.3358,121.046
花桥镇站,27.71638889,110.155
花棚子站,26.260811,101.910999
花楼坝站,31.793625,107.859564
花湖站,30.261143,115.021876
花溪南站,26.40138,106.67833
花溪站,29.43516,106.54667
花艳站,30.6625,111.362222
花都港站,23.345649,113.145425
花都站,23.37962,113.196252
花龙门站,30.43643223,103.9303423
芷村站,23.3460253,103.5381627
芷江站,27.45883333,109.6554639
芷江西站,27.45166667,109.6561111
苇河站,44.95039317,128.3736519
苇河西站,44.93183056,128.3577556
苍南站,27.53111111,120.4072222
苍坪站,27.69293151,103.9793528
苍溪站,31.76247,105.911816
苏北站,41.606177,123.36128
苏家坡站,35.040125,109.8198306
苏家屯站,41.6604,123.3494472
苏尼特左旗站,43.881552,113.607294
苏州东站,31.2761,120.7769
苏州北站,31.4236,120.639
苏州南站,31.06554544,120.7950351
苏州园区站,31.34259722,120.7066
苏州新区站,31.37359722,120.5202889
苏州站,31.3306,120.606
苏州西站,31.345584,120.549098
苏桥站,34.13027778,113.7883889
苏溪站,29.40205278,120.1744806
苏雄站,29.147467,102.870537
苏集站,40.898006,113.10705
苗馆站,35.630867,117.428661
若羌站,39.00312,88.2496
英吉沙站,38.967994,76.162181
英德站,24.15936389,113.4399361
英德西站,24.1625,113.345
茂县站,31.72749823,103.9424179
茂名东站,21.673719,111.006756
茂名南站,21.60192,110.97872
茂名站,21.645789,110.923533
茂名西站,21.683736,110.843459
茂林站,43.965491,123.408584
茂舍祖站,24.85993,103.41551
茂陵站,34.31606833,108.6080008
范县站,35.833009,115.487326
范家屯站,43.7109835,125.0684073
范店子站,29.32518233,103.4598453
茄子溪站,29.4286,106.5002
茅岭站,21.85012952,108.4476675
茅村站,34.362082,117.24929
茅草坪站,26.21694905,104.7142223
茌平南站,36.528004,116.227787
茌平站,36.61222222,116.2372222
茨冲站,26.49646555,105.1046414
茨坝站,29.11299,105.93071
茫崖站,38.25072,90.80558
茶坞站,40.276475,116.5511833
茶山坳站,26.92625,112.6995833
茶山站,23.076961,113.876608
茶岭站,29.62862229,113.7946078
茶淀站,39.211588,117.73233
茶镇站,33.041813,108.050691
茶陵南站,26.7448005,113.5185637
茶陵站,26.81368,113.54431
茶陵西站,26.8077783,113.4441306
荆州北站,30.3769693,112.2323446
荆州站,30.37305556,112.2072222
荆西站,26.1916,117.546786
荆门南站,30.999722,112.178821
荆门站,31.0532401,112.2065292
荆门西站,31.00268056,112.1080889
草坝站,23.5193,103.406
草河口站,40.878778,123.911083
草海站,26.882944,104.252822
荔波站,25.347322,107.818108
荔湾线路所,23.149236,113.240142
荣成站,37.143575,122.4020056
荣昌北站,29.43612,105.632838
荣昌站,29.39767,105.57773
荥阳站,34.7999,113.3788
药村站,27.385488,117.457713
荷叶站,27.65972222,111.6208333
荷塘站,27.88406111,112.9813944
荷马岭站,26.591012,104.4251414
莆田东站,25.3097743,119.0442777
莆田站,25.35361111,119.0575
莎车站,38.374238,77.229707
莒南北站,35.27378056,118.7922917
莒南站,35.18416667,118.8419444
莒县站,35.65199,118.835033
莘县站,36.207073,115.681317
莘庄站,31.1131,121.381
莪洋站,26.423641,118.667039
莫口站,27.41496,117.448677
莫尔道嘎站,51.232831,120.802367
莱州站,37.132247,119.914173
莱芜东站,36.22972222,117.6938889
莱芜北站,36.281389,117.6975
莱西南站,36.80895278,120.5127167
莱西站,36.82272,120.525292
莱阳南站,36.7207329,120.7463381
莱阳站,36.92768611,120.7057083
莲塘站,28.5522942,115.9417463
莲江口站,46.871181,130.31472
莲湖站,34.27888889,108.9116667
莲花寺站,34.51916667,109.8269444
莲花站,29.78834,106.65209
获嘉站,35.25638889,113.6430556
获鹿站,38.076656,114.31435
获鹿线路所,38.058493,114.231994
莺歌站,45.572205,120.401819
菏泽东站,35.18473,115.55722
菏泽南站,35.2225,115.4452778
菏泽站,35.23111111,115.5019444
萍乡北站,27.6839597,113.8475572
萍乡站,27.650257,113.835987
营口东站,40.6239,122.424
营口站,40.684125,122.259807
营城子站,38.9831,121.38309
营城站,44.13888,125.91166
营山站,31.067313,106.564888
营海站,36.2241,120.063302
营盘上站,26.54527778,115.2416667
营里站,29.685,117.3655556
萧县北站,34.237765,116.936191
萧县站,34.17091667,116.9534167
萧家村站,34.422262,108.912338
萧山机场站,30.2343,120.4281
萧山站,30.09527778,120.2572222
萧山西站,30.17206,120.25241
萨拉齐东站,40.56444444,110.5436111
萨拉齐站,40.56333333,110.5258333
萨特玛站,40.87855,80.01012
落坡岭站,39.98790278,115.9863889
落垡站,39.44,116.8366667
落水洞站,23.29804,103.58184
葛家店站,28.58916667,117.0722222
葛店南站,30.490545,114.660523
葛店站,30.536209,114.663279
葛根庙站,45.889324,122.309211
葡萄站,24.9128,109.99469
葡萄菁站,26.6523437,104.7253939
董公寺站,27.7497,106.953084
董家口站,35.676546,119.709236
董家庄站,36.690806,116.855899
董村站,34.89774778,110.7294787
董集站,34.431655,119.230447
葫芦山站,26.51611,118.384928
葫芦岛北站,40.741825,120.7576444
葫芦岛站,40.75288,120.863097
葫芦站,41.04277778,113.0109111
葵潭站,23.066753,115.992117
蒋堂站,29.048045,119.459615
蒙克山站,52.6472737,124.2140727
蒙山站,35.448981,117.668007
蒙渡站,28.43611111,106.8391667
蒙自北站,23.470543,103.299956
蒙自站,23.376291,103.42945
蒙自站,23.3745915,103.400221
蒲县站,36.37055556,111.1736111
蒲圻站,29.69972222,113.8702778
蒲坝站,27.229337,102.304931
蒲城东站,34.989564,109.604114
蒲城站,34.935779,109.554439
蒲家站,31.384321,107.505909
蒲州站,34.82761944,110.3290528
蒲江站,30.194703,103.494493
蒲石站,34.887112,109.705937
蒲缥站,25.02718333,99.00070556
蒲阳站,31.0209,103.64214
蓋州站,40.417687,122.328394
蓝口站,23.95638889,115.0586111
蓝家村站,26.413775,111.485927
蓝村站,36.395098,120.178782
蓝村西站,36.369239,120.147145
蓟州北站,40.02527778,117.3913889
蓟州站,39.99395278,117.3629528
蓬安站,31.00254,106.420058
蓬莱村站,26.757505,106.728749
蓬莱站,37.756703,120.796641
蓿荄站,40.676239,107.278835
蔡家坡站,34.3226,107.5934
蔡家岗站,32.6070604,116.8646293
蔡家崖站,38.49322222,111.0153889
蔡家沟站,45.118072,126.1309314
蔡家站,43.40685817,124.6606337
蔡山站,29.89333278,115.7879583
蕉溪站,27.079376,108.552246
蕲春南站,30.2033,115.403
蕲春站,30.24472222,115.4413889
薛孤站,38.80657,112.73496
薛家湾站,39.867591,111.230984
薛店站,34.49694444,113.7905556
藁城南站,37.985289,114.849182
藏桂站,37.34478,78.76009
藤县站,23.336633,110.98244
藺市站,29.669616,107.177711
蘑菇滩站,44.755441,82.837291
虎什哈站,40.860571,116.990408
虎尔虎拉站,47.244994,123.542791
虎峰站,44.91180899,128.9602426
虎林站,45.762902,132.96984
虎石台站,41.942819,123.502074
虎门东站,22.8313929,113.6883564
虎门北站,22.86194444,113.6663889
虎门站,22.863304,113.66829
虒亭站,36.58112778,112.8007639
虞城县站,34.40833333,115.8590556
虢镇站,34.36454,107.3587
虹桥2号航站楼站,31.19613,121.31987
蚂蝗堡站,22.58143,103.9732
蚌埠东站,32.93,117.4519444
蚌埠南站,32.9035,117.4363
蚌埠站,32.945125,117.3719889
蛇口西站,22.48397222,113.8949722
蛟河站,43.72272478,127.3445068
蛟河西站,43.72680556,127.2932222
蛤蟆塘站,40.174028,124.379139
蜀山东站,31.834066,117.210456
蜀山站,30.041264,121.203107
蜀河站,32.906639,109.674336
融安站,25.18782,109.407649
螺山站,39.92445278,117.5567694
蠡县站,38.46433,115.57471
行宫塘站,30.375899,120.106989
街基站,46.301389,123.376233
街洞站,25.96080589,113.0660782
街边站,23.05518,113.07037
衙前站,28.2856,116.453
衙门口东站,39.89444444,116.2147222
衙门营站,43.350503,122.223012
衡南站,26.8255019,112.9485309
衡山站,27.22222222,112.8819444
衡山西站,27.2511,112.7837
衡水北站,37.77189611,115.66926
衡水站,37.74388889,115.6852778
衡水西站,37.75222222,115.6388889
衡阳东站,26.90048611,112.7058222
衡阳北站,26.92987222,112.6997056
衡阳南站,26.812201,112.666318
衡阳站,26.88965306,112.6313889
衡阳西站,26.886401,112.596139
衢州东站,28.974472,118.961225
衢州站,28.92638889,118.8761111
衢州西站,28.96110496,118.8007453
补隆淖站,40.473863,107.084513
袁北站,33.67888889,118.97
袁家堡站,40.4945,123.9388
袁家岗站,29.53158,106.50993
袁寨站,32.87165321,115.9420857
袁树林站,39.38381687,112.6724413
裕国站,41.874414,123.269861
裕溪口站,31.446062,118.274859
褒河站,33.15756,106.93727
襄垣东站,36.534389,113.077584
襄垣站,36.50608056,113.0290222
襄州北站,32.25051985,112.1310993
襄州站,32.099113,112.220597
襄汾站,35.88,111.4355556
襄汾西站,35.838242,111.330267
襄河站,48.79796157,126.8491506
襄阳东站,32.01628,112.290383
襄阳北站,32.122544,112.156403
襄阳站,32.05959781,112.1491621
西丽站,22.5656,113.943
西乌旗站,44.623015,117.556779
西乡站,32.9963,107.7566028
西佳木斯站,46.808286,130.325499
西八里站,40.437,115.338
西华站,33.795055,114.604309
西双版纳站,21.986119,100.771864
西哈站,49.218946,119.971085
西哲里木站,45.550435,120.596787
西善桥站,31.96861111,118.7186111
西固城站,36.11,103.598
西固站,36.10483556,103.6016242
西坑站,26.05204,117.39531
西大滩站,38.860858,106.36705
西大街站,30.67668,104.05643
西太路站,34.16821,108.84282
西宁东站,36.57233,101.88299
西宁站,36.6203,101.812
西宁西站,36.65802,101.68623
西安东站,34.21519722,109.0589944
西安北站,34.3766,108.934
西安国际港站,34.41310026,109.0545686
西安站,34.2786,108.958
西安西站,34.27143,108.7517
西寺坡站,33.518472,117.092625
西小召站,40.861408,108.35383
西尼气站,50.391523,121.702135
西屯站 (甘肃),38.8813,100.721
西岗子站,49.90141173,127.3405686
西岭口站,48.8494617,121.4853995
西峡站,33.2725,111.5063889
西平站,33.37916667,114.0336111
西平西站,22.99745278,113.7404583
西庄站,24.97036,102.75905
西庙台子站,45.847533,126.568528
西张店站,31.43055556,114.8908333
西张站,37.9575,112.4669444
西扯邑站,24.08735,103.13836
西拨子站,40.36333333,115.9591667
西斋站,29.97833333,111.63
西昌北站,27.961493,102.196811
西昌南站,27.841353,102.212584
西昌站,27.880086,102.222954
西昌西站,27.87154,102.159835
西晁站,34.237847,108.833174
西村站,27.754709,114.225527
西来站,30.31283056,103.5147833
西林站,47.47666296,129.3020114
西枣林站,39.65086389,116.3564972
西河村站,29.75166667,115.3255556
西河桥站,39.208782,106.691653
西河站,27.83054472,111.170474
西泉街站,32.762994,117.274152
西洋站,25.821525,117.423978
西洱站,24.37787,103.09517
西渡站,27.00668333,112.4228194
西湖东站,23.09026111,114.3963806
西湾堡站,40.57361111,114.355
西芹站,26.579869,118.118077
西街口站,24.82447,103.5137
西贺村站,35.5823652,111.2895935
西里站,43.552944,112.068796
西陂站,25.11645,117.54776
西黄村站,39.929456,116.197494
观山站,27.65703333,111.7659444
观月路站,29.77784,106.64898
观沙岭站,28.23406389,112.9457972
观音坝站,32.59624509,105.8618601
观音堂站,34.7195,111.5687
观音山站,34.26416667,106.9875
观音机场站,34.040393,117.558101
观音港站,28.060629,112.90496
角美站,24.52975833,117.8750889
解县站,34.926018,110.84635
讲武城站,36.27827778,114.3418839
讷尔克气站,50.15116,124.24619
讷河站,48.47933,124.84155
许堂集站,32.7025,115.6272222
许官屯站,37.535713,116.330826
许家屯站,40.039163,122.076101
许家洞站,25.88960266,113.078125
许昌东站,34.05,113.8819444
许昌北站,34.144513,113.924437
许昌站,34.0217,113.814
许村站,30.443083,120.361936
许村站,30.41285,120.35101
诏安站,23.77475833,117.0925361
诸城站,36.062694,119.383993
诸暨东站,29.77027778,120.1927778
诸暨站,29.7289,120.181
诸葛城站,26.12444444,100.1811111
读书铺站,24.948502,102.5568842
谌家矶站,30.67934167,114.3480139
谢岗站,22.96222222,114.1636111
谢庄站,34.59288889,113.7993444
谷城北站,32.30787222,111.6250028
谷城站,32.267144,111.59682
谷山站,28.23388889,112.9016667
谷达坡站,27.92891651,109.8011795
豆庄站,36.72986389,113.8409278
豆张庄站,39.39638889,116.9436111
豆罗站,38.305532,112.694952
象鼻子站,27.588715,109.970461
豫灵站,34.50388889,110.3908333
貴定站,26.584584,107.224371
賓州站,45.772824,127.453362
贡嘎站,29.29035,91.03982
贡家台站,37.76942205,115.5714962
贡川站,26.096038,117.442436
贲红站,41.28805556,113.2536111
贵安站,26.46953611,106.4807694
贵定北站,26.59588333,107.2287278
贵定南站,26.349102,107.185797
贵定县站,26.35507222,107.1874056
贵港站,23.102612,109.609016
贵溪北站,28.346048,117.189109
贵溪站,28.293075,117.209719
贵阳东站,26.66794722,106.7408333
贵阳北站,26.6225,106.6725
贵阳南站,26.495169,106.726097
贵阳站,26.5604,106.699
贵阳西站,26.49166667,106.6694444
费县北站,35.31944444,117.9305556
费县站,35.2784,117.9737
贺家庄站,34.7535,111.2011
贺州站,24.4572,111.5341
贺村站,28.671545,118.526589
贺胜桥东站,30.02179167,114.3664778
贾鲁河站,34.7751,113.8496
资中北站,29.796814,104.872934
资中站,29.77091,104.86148
资中西站,29.89494958,104.6109671
资溪站,27.724614,117.073685
资阳北站,30.128311,104.680128
资阳站,30.12741667,104.6499139
赛乌苏站,43.476204,112.142245
赛汗塔拉站,42.74805556,112.66
赛鱼站,37.873294,113.510507
赣县北站,26.009066,115.149635
赣县站,25.95833333,115.1186111
赣州东站,25.87111092,115
赣州南站,25.75444444,114.8805556
赣州国际港站,25.68305556,114.7858333
赣州站,25.82222222,114.9597222
赣州西站,25.823253,114.810896
赣榆北站,35.04353685,119.1976658
赣榆站,34.879941,119.105423
赤壁北站,29.74045278,113.8946278
赤壁站,29.72416687,113.9244995
赤峰东站,42.283965,119.039572
赤峰南站,42.25472222,118.9536111
赤峰站,42.273599,118.895648
赤木岭站,25.17005857,101.7053724
赤水站,34.51916667,109.8269444
赤灣站,22.47313889,113.8756667
赫尔洪得站,49.19973,118.458947
走马营站,23.142339,112.9250387
赵城站,36.38134722,111.6930833
赵李桥站,29.567572,113.714016
赵桥站,33.76541667,115.7931944
赵武站,34.24019,117.29963
赵甸站,32.149799,120.770953
赶子幽站,30.10388947,111.5916672
赶水东站,28.7654,106.703
赶水北站,28.765,106.6986111
赶水站,28.6725,106.8175
超梁沟站,41.2311,117.68922
越西站,28.636758,102.523514
路口铺站,29.512767,113.362175
跳蹬站,29.396415,106.418415
车墩站,31.007277,121.316039
车岗站,22.80008,112.22976
车转湾站,25.6921693,104.1525934
转关口站,28.995627,106.690502
轮台站,41.849056,84.096148
软件新城站,34.206497,108.8319486
轸溪站,29.326331,103.556935
辉埠站,28.954909,118.469094
辛中驿站,38.59694444,116.0738889
辛庄子站,40.5167,115.174
辛集南站,37.88197,115.204726
辛集站,37.90404167,115.2091667
辰清站,49.14102178,127.2308464
辰溪站,27.881608,110.250897
辽中站,41.55744167,122.7650861
辽宁总站旧址,41.808522,123.420457
辽宁朝阳站,41.597902,120.40386
辽源站,42.90256111,125.1224889
辽阳站,41.27972222,123.1630556
达坂城站,43.353937,88.295524
达家沟站,44.65670651,125.8155798
达州南站,31.094993,107.472897
达州站,31.19851983,107.4525916
达布逊站,36.91916667,95.36361111
达拉滨站,49.66348049,124.7817574
达拉特旗站,40.39766,109.98752
达拉特西站,40.37899,109.886155
达琼果站,30.30602,90.798547
达连河站,46.14636,129.45798
迁安站,39.925,118.6897222
过尧站,23.14818806,101.4521881
迎宾路站,30.98346,103.639742
迎春站,46.04051,132.944418
迎水桥站,37.50866,105.09981
迎祥街站,29.39234,105.21141
迎龙站,29.521441,106.722691
运城北站,35.09916667,110.9769444
运城站,35.02694444,110.985
运粮河站,34.7961,114.1963
进德站,24.21583333,109.3311111
进贤北站,28.68140455,116.3553022
进贤南站,28.34083333,116.2297222
进贤站,28.3609,116.081
连云港东站,34.719,119.3352
连云港站,34.609998,119.157667
连云站,34.73444444,119.4502778
连城站,33.31777778,117.3008333
连山关站,40.969694,123.7595
连山站,26.81539345,109.7135176
连江口站,24.02316667,113.3083333
连江站,26.1947,119.567
连湖站,37.23009031,96.87457352
连镇站,37.800361,116.479484
迤资站,26.460598,101.866964
迤那站,27.084509,103.886507
迪荡站,30.008826,120.612605
通化县站,41.67694746,125.8159031
通化站,41.77620587,125.9157538
通化站,41.75104734,125.9744832
通天河站,33.90063,92.35667
通州西站,39.90342,116.62121
通榆站,44.803193,123.070376
通海站,24.119154,102.667022
通渭站,35.195723,105.258772
通辽东站,43.626036,122.353033
通辽站,43.602016,122.265857
通辽西站,43.558053,122.230002
通远堡站,40.788083,123.927
通远堡西站,40.777375,123.911187
通道站,26.31944444,109.6277778
遂宁南站,30.47944444,105.5688889
遂宁站,30.54547222,105.5378361
遂平站,33.14583333,114.0302778
遂昌站,28.645143,119.323228
遂溪站,21.3982697,110.2671381
道州站,25.51524786,111.5699099
道木达站,50.540092,121.524169
道滘站,22.9936,113.6538861
道镇站,36.13241667,109.3692667
遵义北站,27.763283,106.9218
遵义站,27.667447,106.945045
遵义西站,27.706286,106.945088
邓家塘站,25.57863341,113.0177495
邓家湾站,27.60720444,104.0061934
邓州东站,32.598685,112.259792
邓州站,32.685,112.0644444
邕宁站,22.821269,108.526014
邛崃站,30.413676,103.483015
邢台东站,37.091135,114.585451
邢台站,37.06888889,114.4861111
邢家堡站,40.31792222,115.5454444
邢家村站,37.79777778,115.6194444
那何站,23.55698611,107.2913389
那曲站,31.44611,91.98917
那林桃荄站,40.0252564,106.7784291
那棱格勒站,36.9942668,92.9253781
那玉站,26.2508713,105.4268254
那霍站,21.8473,111.23563
邯郸东站,36.61972222,114.5525
邯郸南站,36.5409,114.4499
邯郸站,36.601671,114.470017
邱隘站,29.84366667,121.6531944
邳州东站,34.325,118.0077778
邳州站,34.3184,117.953
邵东站,27.277543,111.742239
邵岗集站,34.75323611,114.0903861
邵武站,27.353473,117.475442
邵阳北站,27.57416667,111.5044444
邵阳站,27.216484,111.455409
邵阳西站,27.21368889,111.2402139
邹城站,35.40130913,116.9528174
邹平站,36.795755,117.73636
郁南站,23.248043,111.464306
郎家溪站,30.094623,118.601733
郎溪南站,30.94012778,119.1515278
郏县站,33.946269,113.264478
郑家坞站,29.50387283,120.0933971
郑家院子站,29.60236,106.52665
郑州东站,34.7601,113.773
郑州北站,34.80638889,113.605
郑州站,34.7478,113.654
郑州航空港站,34.488573,113.926683
郑州西站,34.74430556,113.4184722
郑州铁路集装箱中心站,34.732281,113.794094
郓城站,35.60194444,115.895
郜营站,32.16456,112.143101
郧西站,33.00732222,110.4596472
部落站,38.56376461,112.7358629
郫县东站,30.81086944,103.9060417
郫县站,30.81095556,103.9059528
郭塘站,23.31633333,113.2167972
郭家店站,43.339795,124.571949
郭尔奔敖包站,43.05666667,112.465
郭磊庄站,40.71888889,114.5447222
郯城站,34.603141,118.371862
郴州南站,25.75006944,113.0506194
郴州站,25.81116641,113.0276147
郴州西站,25.7389,112.965
都匀东站,26.16888889,107.5816667
都匀站,26.235459,107.511189
都司站,35.34361111,115.585
都安站,23.970679,108.109977
都拉营站,26.696208,106.709575
都昌站,29.482064,116.413303
都江堰站,30.95906,103.636542
鄂尔多斯站,39.559751,109.837159
鄂州东站,30.36350278,114.942975
鄂州北站,30.470791,114.805316
鄂州站,30.36417,114.8612
鄂州西站,30.40416667,114.84625
鄄城站,35.42305556,115.665
鄠邑站,34.08104,108.67516
鄢棚站,23.3844152,103.1545066
鄢陵站,34.065302,114.134064
鄯善北站,42.91694444,90.19388889
鄱阳北站,29.336403,116.889435
鄱阳站,28.98318894,116.7948428
酉阳站,28.811996,108.957696
酒泉南站,39.69999444,98.53483056
酒泉站,39.6454,98.4516
醪桥站,27.28277778,115.1458333
醴陵东站,27.71833333,113.5725
醴陵南站,27.65463889,113.5215
醴陵站,27.673276,113.505735
采石站,31.65666667,118.4672222
里八庄站,39.90013889,113.1837222
里木店站,45.964945,126.208996
里澜城站,39.19083333,116.6902778
重庆东站（中国铁路）,29.48693,106.66931
重庆交通大学站,29.49142,106.56913
重庆北站,29.61041667,106.5470833
重庆南站,29.498747,106.535751
重庆工商大学站,29.51028,106.57014
重庆站,29.55263889,106.5440278
重庆西站,29.50277778,106.4333333
重庆西站（已停用车站）,29.43022,106.429031
野三关站,30.665022,110.353657
野三坡站,39.670628,115.44776
野象谷站,22.11423194,100.8543081
金刚沱站,29.1452565,106.1056387
金华东站,29.116717,119.663743
金华南站,29.117,119.7338889
金华站,29.11333333,119.6308333
金华西站,29.10167352,119.6394626
金口河南站,29.190605,103.009674
金口河站,29.290921,103.104901
金坑站,41.135472,123.741361
金坛站,31.69737642,119.5394477
金城江站,24.7,108.066
金堂站,30.84395647,104.429696
金塔站,39.91162222,98.87280833
金字牌站,29.847086,117.811028
金家店站,43.652464,121.558408
金家湾站,29.44052,106.47151
金寨站,31.62753889,115.9703944
金山北站,30.896557,121.084661
金山卫站,30.730305,121.358031
金山园区站,30.8321,121.363627
金山桥站,24.921929,117.511876
金山湾站,40.192512,124.358708
金岭镇站,36.79292817,118.1830886
金州站,39.087,121.7222
金昌站,38.37055556,102.0613889
金普站,39.32891111,121.8083861
金月湾站,18.78028889,108.7122333
金村站 (皖赣铁路),29.779276,118.241576
金沙滩站,39.6718031,112.9109619
金沙站,30.273233,118.740184
金渝站,29.638195,106.566905
金滩站,27.75322882,111.2367505
金珠站,44.0196,126.5459
金童路站,29.646105,106.56378
金竹山站,27.605,111.4952778
金竹站,29.37847,106.52004
金钩屯站,41.057731,117.510758
金银川站,40.707638,79.837108
金银潭站,30.66200578,114.2592245
金阳站,26.65135,106.58446
金马村站,25.022943,102.840156
钟家村站,34.82303056,109.4640889
钟山西站,24.55522222,111.32675
钟油坊站,31.847111,117.378607
钟祥南站,31.04909722,112.6231889
钟祥站,31.17835236,112.610878
钟落潭东站,23.36208,113.43927
钟鸣站,30.985736,118.048412
钢城站,36.074167,117.875556
钦州东站,21.98258056,108.6649694
钦州站,21.98675,108.6147889
钱坂站,25.419089,117.432617
钱塘江站,30.180183,120.154569
钱清站,30.117785,120.402243
钱粮桥站,25.12082904,101.3979407
铁佛寺站,40.68383889,124.3362528
铁关村站,27.679143,117.11082
铁力站,46.9719,128.0467
铁口站,28.244805,102.530798
铁山站,30.202755,114.884693
铁岭站,42.2911,123.83
铁岭西站,42.2308,123.666
铁炉站,34.77777778,113.5366667
铁石口站,25.18083333,114.9186111
铁西站,28.693241,102.597093
铁门关站,41.873501,85.695744
铜井站,31.80083333,118.5616667
铜仁南站,27.28205833,108.9706389
铜仁站,27.7431,109.2001528
铜元局站,29.539167,106.547807
铜城闸站,31.490009,118.102308
铜山中医院站,34.186093,117.170649
铜山站,34.284588,117.111574
铜川东站,35.07891,109.090103
铜川北站,35.08912222,109.0429833
铜川站,34.90222222,108.9644444
铜录山站,30.07785971,114.9480578
铜罐驿站,29.296323,106.383421
铜陵北站,31.01555556,118.0158333
铜陵站,30.92103333,117.8564167
银城铺站,39.82194444,118.1855556
银山镇站,29.6834341,104.9729732
银川东站,38.4038,106.2428
银川南站,38.40305556,106.1180306
银川站,38.4915,106.167
银浪站,46.489172,124.847951
银滩站,19.79168333,109.4853361
银瓶站,22.96925,114.15149
银盏坳站,23.57101,113.131956
银盏站,23.55204,113.124596
银花站,29.77030917,106.7237706
错那湖站,32.0344,91.53411
锡林呼都嘎站,42.57111111,112.7802778
锡林浩特站,43.91694444,116.02
锡铁山站,37.2575,95.6358
锦业路西站,34.1975803,108.8317507
锦和站,27.71801,109.594203
锦州北站,41.1791,121.12136
锦州南站,41.015,121.121
锦州站,41.122694,121.134805
锦河站,50.1353204,127.4062776
镇城底站,37.94944444,112.0577778
镇安站,33.42264167,109.1645806
镇平站,33.05527778,112.2188889
镇江东站,32.19055556,119.4572222
镇江关站,32.33232858,103.7205422
镇江南站,32.1543,119.419
镇江站,32.1992,119.427
镇江西站,32.208336,119.412533
镇海站,29.96502778,121.6985833
镇海西站,29.94541667,121.6216667
镇紫街站,28.790047,106.670892
镇赉站,45.856224,123.188563
镇远站,27.03694444,108.4066667
镇雄站,27.594606,105.122114
镇龙站,23.28713,113.58619
长临河站,31.01555556,118.0158333
长乐东站,25.85918611,119.5529889
长乐南站,25.75723611,119.5907222
长乐站 (福建省),25.92444,119.485
长兴南站,30.99194444,119.9005556
长兴站,30.9927,119.899
长冈站,23.326258,113.24236
长冲站,25.35706,100.95593
长台关站,32.32294848,114.0565718
长坡岭站,24.84131,103.91618
长垣站,35.21194444,114.6541667
长子南站,36.03388889,112.8827778
长宁站,28.602774,104.922586
长安（东方学院）站,30.43726,120.43369
长安东站,30.44562,120.45529
长安站,22.7818667,113.7588861
长安西站,22.78833056,113.7242167
长安镇站,30.45712,120.439038
长安集站,31.78888,117.12411
长寿北站,29.88316,107.06988
长寿湖站,29.965627,107.204513
长寿站,29.791894,106.962121
长山屯站,45.311555,124.462362
长岗岭站,22.83472222,108.3561111
长岭子站,38.93658,121.31683
长庄站,37.489913,116.300091
长征站,36.7238392,104.8450101
长春东站,43.8956,125.3677
长春北站,43.960764,125.339814
长春南站,43.8485,125.2535
长春站,43.90893333,125.3177667
长春西站,43.87411111,125.1950278
长汀南站,25.76906,116.352692
长汀站,25.83194351,116.3397217
长汀镇站,44.46375278,128.9319861
长江埠站,30.86015,113.72098
长沙东站,28.179615,113.009899
长沙北站,28.345448,112.941392
长沙北站,28.217755,112.982941
长沙南站,28.15027778,113.0588889
长沙南站,28.168489,112.960794
长沙站,28.1958,113.011
长沙西站,28.264642,112.820192
长河坝站,29.305956,102.941236
长河站,30.17843056,120.1941889
长治东站,36.228643,113.159829
长治北站,36.30843889,113.1198275
长治南站,36.09257222,113.1006083
长治站,36.18811111,113.0635556
长泰站,24.630909,117.699164
长流站,19.99393,110.20212
长清站,36.564634,116.724757
长畛站,38.930343,112.385718
长白山东站,42.48468969,128.1649272
长白山站,42.461392,128.13013
长白山西站,42.186038,127.475287
长福路站,29.690379,106.584949
长缨站,52.8681,123.3281
长葛北站,34.252691,113.728788
长葛站,34.21777806,113.7725
长虹站,40.581139,123.992056
长辛店站,39.8272,116.2008
长阳站,30.62246944,110.8454194
长陵站,34.38930556,108.8174139
长隆森林王国站,23.591976,113.158582
閔行站,31.011776,121.346086
门源站,37.42638889,101.5261722
闹海营站,41.29345,117.717203
闻喜站,35.35642778,111.2100194
闻喜西站,35.336794,111.173505
闽侯站,26.15611111,119.125
闽清北站,26.29080556,118.8726917
闽清站,26.216137,118.90352
阁老坝站,27.443723,106.805788
阆中站,31.559966,105.953575
阎店楼站,34.71944427,115.5916672
阎良站,34.669594,109.223778
阜南站,32.64055556,115.5486111
阜城站,37.8664188,116.1661047
阜宁东站,33.800488,119.934829
阜宁站,33.596327,119.611891
阜新南站,41.98473694,121.6324225
阜新站,42.055337,121.654537
阜阳北站,32.99055556,115.8655556
阜阳站,32.91611111,115.8638889
阜阳西站,32.884836,115.746323
防城港北站,21.71675278,108.3740056
防城港站,21.6292,108.35769
防城站,21.76865,108.36636
阳东站,21.956388,112.149567
阳信站,37.568612,117.612431
阳原站,40.124369,114.160631
阳台山线路所,22.66526,113.97015
阳城站,35.49265,112.486475
阳宗海站,24.9718643,102.9917995
阳宗站,24.82697,102.97843
阳岔站,41.21486,126.23611
阳平关东站,32.97816111,106.0546111
阳平关站,32.96861111,106.0333333
阳平站,34.33642,107.48655
阳新站,29.83777778,115.2027778
阳方口站,39.09690728,112.3328099
阳明堡站,39.00416667,112.8727778
阳春东站,22.18707,111.90453
阳春站,22.19287,111.75636
阳曲站,38.057582,112.676497
阳曲西站,38.071962,112.64131
阳朔站,24.96055556,110.5661111
阳江北站,21.92109,111.83367
阳江站,21.81236,111.985245
阳泉东站,37.884045,113.59467
阳泉北站,38.11478333,113.4312306
阳泉站,37.856062,113.585911
阳澄湖站,31.38191111,120.8571333
阳西站,21.798993,111.63913
阳谷站,36.10138889,115.8038889
阳邑站,36.7375905,113.8969098
阳高南站,40.312111,113.793538
阳高站,40.36430833,113.7326417
阿克苏站,41.1443961,80.3073677
阿克陶站,39.167381,75.974136
阿勒泰站,47.7175,88.08722222
阿南庄站,25.4422862,101.8159186
阿图什站,39.719655,76.219937
阿城北站,45.587244,127.017108
阿城站,45.5495,126.9896
阿寨站,28.892583,102.676327
阿尔乡站,42.821346,122.420239
阿尔山北站,47.281505,119.80235
阿尔山站,47.170268,119.94133
阿房宫南站,34.25391,108.82021
阿拉尔站,40.553575,81.210528
阿拉山口站,45.17027778,82.57027778
阿木尔站,52.86011389,123.1555306
阿湖镇站,34.464738,118.590476
阿瓦提站,40.67736111,80.36854167
阿里河站,50.579528,123.722932
陂面站,22.32204,111.84108
际坑口站,30.142213,118.631122
陆丰东站,22.907645,115.884808
陆丰南站,22.895179,115.656298
陆丰站,22.95036667,115.7286194
陆家山站,31.1653137,113.9470484
陆家浜站,31.344862,121.048877
陆川站,22.312677,110.253109
陆良站,24.8494764,103.6956389
陇南站,33.377175,104.957692
陇县站,34.87212778,106.8464389
陈墩站,26.695317,118.234213
陈官屯站,38.822403,116.923327
陈官营站,36.087361,103.659739
陈家寨站,28.158896,117.780895
陈家站,46.0955,126.7644
陈庄站,34.855631,109.59254
陈村站,22.971913,113.232696
陈江南站,23.008704,114.321906
陈江站,23.01277778,114.3033333
陈相屯站,41.565333,123.531139
陈篆站,28.31321667,120.0466667
陕州站,34.660588,111.053613
陵城站,37.2932,116.578
陵水站,18.538056,110.028611
陶力站,37.09174,97.65221
陶卜齐站,40.88027778,112.0283333
陶家屯站,43.642978,124.9826351
陶家沟站,29.80561,104.81438
陶思浩站,40.658434,110.9308641
陶赖昭站,44.824571,125.93348
陶辛站,31.162118,118.489907
隆化站,41.32828649,117.7516412
隆回站,27.150047,111.030369
隆安东站,23.13818889,107.702175
隆尧县站,37.38194444,114.5552778
隆昌北站,29.468395,105.287444
隆昌站,29.35874,105.27786
随县站,31.76758333,113.2042889
随州南站,31.653637,113.35809
随州站,31.72333,113.41107
隘口站,22.01,106.715
隰县站,36.65027778,110.9208333
雁栖湖站,40.372713,116.652921
雁石南站,25.24366667,117.1491444
雁石坪站,33.58077,92.07129
雁翅站,40.035078,115.897633
雁荡山站,28.34393056,121.1476444
雁门关站,39.04833333,112.7919444
雄安城际站,39.00063333,115.9306889
雄安站,39.055749,116.15323
雅安站,30.031247,103.054668
雅瑶线路所,22.71159,112.96808
雅鲁站,48.54775856,122.1370247
集宁南站,41.02972222,113.0913889
集宁站,41.04388889,113.1047222
集安站,41.133909,126.198891
雨过铺站,23.467046,103.318706
雪野站,36.459722,117.579167
零陵站,26.2261,111.5755
雷州站,20.921662,110.041378
雷麻店站,31.789671,117.027533
霍城站,44.057729,80.835865
霍尔果斯站,44.15537,80.454545
霍州东站,36.5646,111.8311
霍州站,36.58583333,111.7130556
霍林河站,45.4452,119.628213
霍林郭勒站,45.532818,119.66198
霍邱站,32.056129,116.137544
霞洞站,21.74295,111.10272
霞浦站,26.912521,120.027977
霞西站,30.518331,118.941682
霸州北站,39.18530833,116.3204528
霸州站,39.12166667,116.37
霸州西站,39.09194444,116.3441667
靈武北站,38.1321,106.3128
青云谱站,28.59914062,115.9222779
青县站,38.57695545,116.832632
青城山站,30.894758,103.604897
青堆子站,41.44947778,121.9113778
青堆站,39.84229167,123.2215639
青山庙站,29.346836,110.889948
青岛北站,36.16916667,120.3716667
青岛机场站,36.36087778,120.0890389
青岛站,36.06416667,120.3075
青岛西站,35.89833333,119.9444444
青岭子站,44.63724815,129.0605092
青川站,32.18747,105.330141
青州市北站,36.830499,118.572224
青州市南站,36.707836,118.479733
青州市站,36.77176111,118.4972028
青州站,26.532299,117.980242
青杠站,27.0015129,102.1622571
青杨站,36.398315,116.917621
青水山站,48.0321644,124.5819294
青海湖站,36.96173268,100.6531877
青田东站,28.12715875,120.3497208
青田站,28.14,120.2755556
青町站,33.620851,116.421878
青白江东站,30.89661111,104.223475
青白江站,30.9017,104.2058
青白石站,36.07413,103.908215
青石崖站,34.26318611,106.9608333
青神站,29.85136944,103.7674833
青羊驿站,33.09104,106.41117
青莲站,31.67326389,104.6993639
青铜峡站,37.91805556,105.9277778
青龙场站,30.2972,103.8673
青龙寺站,25.015283,102.3295938
青龙山站,33.871339,116.796014
青龙桥站,40.35026389,116.0186
青龙桥西站,40.34381944,116.0100056
靖宇站,42.394564,126.772129
靖州站,26.57,109.6838889
靖江站,32.033942,120.299846
靖西站,23.15015556,106.3875083
靖边站,37.618817,108.750905
靖远北站,36.607,104.6601
静海站,38.931966,116.924269
革居站,25.11489,104.69277
革志站,45.790884,124.449613
鞍山站,41.11055943,122.9802531
鞍山西站,41.1164,122.909
韩城站,35.48426111,110.4363694
韩家园站,52.06949,125.74335
韩家岭站,39.98166694,113.2280561
韩家村站,39.90507,109.90944
韩庄站,34.614373,117.367954
韩府湾站,36.575176,106.149047
韩麻营站,41.27583333,117.8336111
韶关东站,24.79382222,113.6047222
韶关站,24.7535,113.509
韶山南站,27.8881772,112.5476219
韶山站,27.92472222,112.5236111
项城站,33.413885,114.885092
顺义站,40.1229,116.638
顺义西站,40.177832,116.484982
顺德北站,22.96503,113.12362
顺德学院站,22.825178,113.314372
顺德站,22.877565,113.271377
顺昌站,26.80351,117.811027
顺河站,49.178739,120.317583
顾甸站,47.200523,123.932391
颍上北站,32.681696,116.205921
颍上站,32.74138889,116.3013889
颍南站,32.86,115.8263889
颜家河站,34.37728966,106.789851
额济纳站,41.89666667,101.0316667
风陵渡站,34.63277778,110.3055556
飞来峡站,23.81706111,113.2746361
飞霞山站,23.742462,113.114647
飞霞站,23.743989,113.079397
饮马峡站,37.3236,95.8722
饮马峡西站,37.30486841,95.8045968
饶平站,23.7147,116.928
饶桥站,27.842594,117.129401
饶阳站,38.23694444,115.7113889
馆陶站,36.510154,115.272953
首山站,41.219323,123.066684
香兰站,46.6524629,129.7578069
香坊站,45.719491,126.67318
香格里拉站,27.8134,99.68859
香樟路站,28.14068,113.023732
香河站,39.71563889,117.0290278
香港西九龙站,22.3036,114.165
香港铁路博物馆,22.4483,114.16373
馬鞍嶺站,44.03413889,127.2715
马三家站,41.896317,123.231828
马乡站,29.898815,90.719642
马仲河站,42.71393395,124.0247704
马兰站,42.233549,87.377664
马厂站,38.655358,116.888623
马嘎站,26.622079,104.773306
马回岭站,29.46194444,115.8072222
马坝站,24.68233056,113.6138889
马头站,36.47581694,114.420355
马家坪站,36.60306805,103.3617834
马家湾站,34.43773,106.613587
马寨站,35.48666667,115.7483333
马尾站,25.9895,119.46
马屯站,37.57666667,115.7536111
马山县站,23.745803,108.168523
马嵬坡站,34.26749333,108.3480189
马庄站,32.89527778,114.0373611
马房站,26.1485183,104.1090759
马文寨站,21.94303,111.37905
马村站,29.8121,103.6063
马柳站,39.861,118.5262778
马棚站,32.131677,112.081951
马海站,38.39318,94.35951
马王场站,29.49879,106.48489
马王塘站,30.681623,120.738722
马田墟站,26.09693611,112.8916889
马皇站,22.05257098,108.6481897
马盖图站,40.90553,112.69913
马街站,22.6599,103.8921
马踏站,21.683977,111.360552
马蹄湾站,33.47145,106.037982
马辛庄站,39.9883,113.273
马过河站,25.4597685,103.3855621
马铺营站,39.8675,118.5180556
马鞍山东站,31.694837,118.536736
马鞍山站,31.70941,118.496859
马龙站,25.48860276,103.6204949
驻马哨站,23.62762303,103.3240372
驻马店站,32.97926389,114.0369444
驻马店西站,33.00222222,113.9727778
驿城站,34.185339,117.207577
高兴站,30.279181,106.731427
高兴镇站,26.41694444,115.2830556
高台南站,39.29371944,99.76779444
高台子站,47.93458187,122.7960556
高台山站,42.024463,122.872132
高各庄站,40.2569,116.623654
高坪站,30.66612,110.0852
高坪铺站,26.51438872,107.1436552
高堡湖站,29.75487,106.63925
高塘站,29.38583333,115.7675
高头站,47.4111,124.0644
高安站,28.47416667,115.3797222
高家坊站,28.505733,112.995895
高家岁站,41.406139,123.745667
高家站,46.81469,124.555007
高家营站,34.19464388,117.1919068
高密北站,36.515004,119.780355
高密站,36.39292222,119.7624667
高寺台站,41.16,117.9633333
高山子站,41.55309167,122.0527583
高岭站,40.144602,120.012747
高州站,21.8956201,110.8890351
高平东站,35.734409,112.958952
高平站,35.801275,112.9124556
高新二路站,30.47688,114.490537
高新四路站,30.459446,114.488147
高新大道站,30.490441,114.488692
高村桥站,35.690917,114.230427
高村站,38.168179,112.686344
高林屯站,43.868678,122.54633
高桥北站,40.905591,120.978612
高楞站,45.98642,129.26773
高楼房站,25.2074571,102.2625386
高流站,34.310572,118.510495
高溪市站,26.52045,111.663613
高滩站,32.43417,108.35485
高炉子站,27.81111944,106.9364389
高碑店东站,39.28777778,115.9405556
高碑店站,39.32777778,115.8527778
高粱铺站,32.922789,108.406166
高要站,23.016252,112.436469
高观音站,29.513523,106.204684
高谷站,29.390503,108.068437
高资站,32.174842,119.290535
高邑站,37.60444444,114.5915833
高邑西站,37.62888889,114.5238889
高邮北站,33.00352,119.450934
高邮站,32.775669,119.500513
高里站,32.150423,118.60513
高陵站,34.50859444,109.1283806
魏善庄站,39.66482,116.40243
魏家坡站,36.63091667,112.7506278
魏杖子站,40.973756,119.058744
鱼儿沟站,42.835228,87.885908
鱼化寨,34.239136,108.841563
鱼嘴站,29.61888,106.73175
鱼洞站,29.37871,106.50207
鱼珠站,23.11021,113.42798
鱼胡路站,29.38056,106.53545
鲁山站,33.749925,112.8975528
鲁河站,47.44666133,122.9820027
鲁舒站,35.634326,117.314684
鲅鱼圈站,40.1861,122.09
鲇鱼套站,30.52943806,114.2872944
鲇鱼山站,29.20666667,117.11
鲘门站,22.81571111,115.1201639
鲜滩站,29.994178,103.755429
鸟岛站,37.17912379,99.74399256
鸡东站,45.25026111,131.1441139
鸡公山站,31.80666667,114.0369444
鸡冠山站,40.519028,123.925139
鸡头村站,25.4909492,103.6013228
鸡泽站,36.93757006,114.9349722
鸡街站,23.52048,103.22413
鸡西站,45.302,130.9701
鸡西西站,45.308397,130.814925
鸣李站,37.76821408,112.6371673
鸦雀岭站,30.66527778,111.6147222
鸭嘴岩站,27.47501698,109.9608923
鸭园站,41.75972222,126.175
鸭鸽营站,37.47160278,114.6055556
鸳鸯站,29.664187,106.556497
鹤北站,47.53900278,130.4623083
鹤壁东站,35.70557222,114.2948806
鹤壁北站,35.96508889,114.1682306
鹤壁站,35.760074,114.267329
鹤山站,49.01384518,125.2371636
鹤岗站,47.338011,130.276664
鹤庆站,26.5556454,100.2167454
鹤洲南站,22.08684,113.4398
鹤立站,47.05062,130.28338
鹧鸪江站,24.391554,109.416152
鹰手营子站,40.54894,117.65619
鹰潭北站,28.30855556,117.0336944
鹰潭南站,28.222975,117.032881
鹰潭站,28.238742,117.022789
鹿寨北站,24.643466,109.649871
鹿道站,43.873561,129.281907
麒龙站,29.4699,106.5589
麓谷站,28.25194444,112.8588889
麥當奴道站,22.2751,114.157
麦园站,25.586634,117.497662
麻园站,25.0554502,102.6841786
麻坡站,23.48361111,114.5366667
麻城北站,31.18928611,114.9784222
麻城站,31.14819444,114.9586111
麻尾站,25.322075,107.455709
麻柳站,32.299422,108.192119
麻栗树站,23.6004264,103.1168792
麻栗站,27.5365688,102.1923076
麻涌站,23.02326,113.56893
麻芝铺站,26.45906753,107.027118
麻阳站,27.85888863,109.7988892
麻阳西站,27.838085,109.775522
黄丝站,26.588742,107.406985
黄冈东站,30.50878889,114.981375
黄冈站,30.48823889,114.9386639
黄冈西站,30.50707222,114.8837306
黄冕站,24.67079,109.84963
黄口站,34.3611,116.6922
黄台站,36.6881,117.046
黄土坑站,30.236486,118.702725
黄土坡线路所,39.768756,116.279006
黄土店站,40.06861111,116.3580556
黄土档站,40.37252,107.034526
黄埔站,23.09646,113.43957
黄家坝站,27.4741527,102.1711129
黄家寨站,34.324831,108.763314
黄家营站,32.330194,111.44675
黄山北站,29.81777778,118.2675
黄山站,29.7229,118.322
黄山西站,30.27969722,118.084575
黄岗站,24.85088348,113.5600891
黄岛站,36.04697,120.16755
黄州站,30.58861111,115
黄平站,26.870521,108.09578
黄庵站,32.0131,118.04578
黄旗堡站,36.57973,119.34979
黄曹站,22.96888889,114.0827778
黄村站,39.719439,116.325266
黄桶站,26.19375682,105.689125
黄梅东站,30.061019,115.972521
黄梅山站,31.60638889,118.4825
黄梅站,30.096436,115.937267
黄水塘站,27.6077637,102.1886603
黄水站,30.09830556,108.4931167
黄河景区站,34.93194444,113.5269444
黄河涯站,37.354,116.3265
黄泥河站,43.553,128.0122
黄洋站,32.238355,106.36387
黄流站,18.53071111,108.8271861
黄渡站,31.29527778,121.2338889
黄瓜园站,25.8235773,101.8634031
黄石东站,30.2073858,115.0851526
黄石北站,30.21416667,115.0027778
黄石站,30.15666667,114.9358333
黄石西站,30.18382602,115.0437565
黄磏站,29.2656837,106.3012507
黄秀桥站,29.062524,113.124529
黄粱梦站,36.68760278,114.4775361
黄羊湾站,37.51137108,105.5200148
黄羊站,40.54429,107.107645
黄联关站,27.6851065,102.200847
黄胜关站,32.89442032,103.5254694
黄花园站,29.5661,106.561
黄花站,44.561308,129.553881
黄花筒站,43.14602,120.95389
黄荆笨站,31.145503,117.041475
黄草场站,29.332588,107.940548
黄金坳站,27.662151,109.944289
黄陂站,30.889011,114.334797
黄陵南站,35.58230556,109.3830944
黄陵站,35.589595,109.213429
黄骅港站,38.27616,117.72966
黄骅港站,38.28363151,117.7914251
黄龙九寨站,32.74768328,103.6132444
黍地沟站,40.2189,113.339
黎城站,36.51487222,113.3853306
黎塘站,23.1971,109.1289
黎明站,45.641868,126.67856
黎洞站,23.92911148,113.2804718
黑井站,25.3476813,101.7421364
黑土凹站,25.0286732,102.7462678
黑山北站,42.043539,122.294265
黑山寺站,40.489171,116.789585
黑旺站,36.62384722,118.1966083
黑水站,45.212269,122.818799
黑河站,50.231417,127.492766
黑石头站,39.94786,116.13403
黑石岗站,22.24795,111.7961
黑石铺站,28.11138889,112.9541667
黑龙潭站,23.37683,103.45864
黔城站,27.20319543,109.8334853
黔江站,29.445762,108.786061
黔灵山站,26.589945,106.676724
黔西站,26.988228,106.043314
黟县东站,29.88829594,118.0427858
黟县站,29.833032,117.977606
鼎湖东站,23.2166847,112.654978
鼎湖山站,23.1766514,112.5819817
鼎湖站,23.155365,112.547507
齐哈日格图站,43.232003,112.35856
齐岳山站,30.352823,108.709899
齐河站,36.843331,116.85738
齐齐哈尔南站,47.2825,123.9644444
齐齐哈尔站,47.3375,123.99
龙丰站,23.06601111,114.3892111
龙井站,42.776615,129.424381
龙兴站,29.72720222,106.8524572
龙华站 (河北省),37.61055556,116.0155556
龙南东站,24.90812,114.86379
龙南站,24.92305565,114.8729172
龙口市站,37.618066,120.517767
龙口站,26.16055556,115.2936111
龙嘉站,43.99034167,125.6940528
龙回站,25.53361111,114.7813889
龙坪站,22.522895,111.997959
龙塘坝站,25.2475769,101.7000351
龙塘镇站,23.60858,113.07854
龙头寨站,23.4106971,103.3662119
龙头寺站,29.619655,106.545944
龙家桥站,27.68188889,111.3690194
龙家营站,39.96138889,119.6755556
龙山北站,29.490552,109.459942
龙山镇站,24.694925,117.3578944
龙山集站,33.57776096,116.3227212
龙岩站,25.0994,117.001
龙川北站,24.15638889,115.2402778
龙川站,24.115,115.2325
龙川西站,24.077396,115.1809
龙市站,26.723389,113.9627433
龙拱港站,35.36288333,116.5015194
龙江站,47.3271,123.1719
龙沟站,37.31856,102.89921
龙泉寺站,36.4879,103.39
龙泉山站,30.419313,114.499387
龙泉市站,28.035668,119.127527
龙泉站,43.916976,125.405699
龙洞堡站,26.545988,106.794595
龙洞站,23.19206,113.37541
龙津沟站,26.0920557,104.1002326
龙海站,24.5220751,117.8119896
龙游东站,29.02666667,119.2272222
龙游北站,29.16305018,119.1370015
龙游南站,28.846765,119.151016
龙游站,29.00555556,119.1606944
龙湖站,23.53566,116.64704
龙潭寺站,30.71068011,104.1780127
龙潭山站,43.866706,126.600379
龙潭站,32.172889,119.053275
龙田面,21.67958,110.32808
龙船站,46.8796,127.38012
龙里北站,26.47138889,106.9633333
龙里站,26.450676,106.969912
龙镇站,48.68420851,126.7094879
龙门南站,34.5268,112.496
龙门镇站,20.718497,110.004264
龙骨甸站,25.412827,101.774853
龙鼻嘴站,28.4775519,109.8405258
崔马庄所,36.5516,116.8871
